product_id,count
50,4924
9,4032
1440,1667
195,1539
401,1423
347,1294
368,1235
797,1177
1,1135
336,1131
954,1123
491,1109
488,1066
13,1047
1058,1043
119,1010
721,968
564,892
1110,847
19,831
40,804
144,791
456,787
559,777
535,732
490,731
272,722
128,708
290,700
412,693
245,692
318,686
469,684
256,677
135,674
1592,671
92,668
690,660
51,659
1034,655
1217,651
693,648
1810,642
537,636
342,631
1722,620
2140,611
5,604
1072,603
817,601
832,599
406,596
145,583
719,582
10,576
154,572
133,568
2152,568
819,562
60,560
8,559
143,539
1666,532
2452,530
37,529
2608,528
234,525
334,524
498,522
147,521
3519,518
510,516
692,516
1194,514
523,511
45,509
61,508
130,507
359,495
619,495
238,482
2347,469
1382,468
747,466
724,465
552,461
129,459
66,458
1495,453
1464,450
899,449
52,446
134,445
1552,445
1578,444
3319,442
2785,441
546,437
163,434
380,432
44,429
1538,426
39,424
127,424
1134,422
36,421
110,414
730,408
2490,402
441,400
34,399
2012,395
2011,391
4,391
391,389
80,387
3685,386
541,386
231,385
2245,384
1113,380
438,375
1559,374
70,369
148,368
1190,368
1658,367
138,364
448,364
106,363
671,363
542,363
717,362
544,359
132,357
748,356
84,356
270,350
218,350
925,349
323,348
122,348
2330,348
568,347
219,346
1555,346
2625,345
474,343
64,340
627,339
1826,338
2044,337
53,337
187,336
2430,336
209,334
350,334
1083,332
1159,332
1910,329
2903,327
1140,327
2437,325
1783,325
2618,325
4290,324
2405,324
874,323
481,319
1309,317
7,317
358,317
2072,316
952,313
495,312
669,312
202,311
508,308
374,308
649,307
712,307
1162,307
2124,306
2211,306
961,303
738,301
792,301
411,301
307,301
1079,300
414,299
509,299
525,299
1123,298
2869,297
225,297
728,295
1655,292
674,292
2377,291
6,291
1401,291
607,290
278,290
151,289
1427,286
3574,285
3374,283
1532,281
988,281
2435,281
1916,279
1061,278
171,277
1530,276
1148,276
1210,275
1854,274
642,273
486,270
99,270
1818,270
284,270
1169,269
494,268
930,268
366,267
1777,267
213,266
1743,266
83,265
604,264
503,263
166,263
204,263
2110,263
24,262
505,257
912,256
2495,255
781,254
1129,254
790,253
257,252
2753,251
1615,251
190,251
880,251
117,250
388,249
242,249
626,248
2117,248
4137,247
1622,246
16,246
149,245
3917,244
1152,243
514,243
1319,243
2846,241
1128,241
1804,241
378,241
453,241
183,240
198,240
1278,239
846,239
5315,239
1233,238
2553,238
2024,238
393,236
1322,236
1116,235
1150,235
1122,234
944,234
587,233
1363,233
3353,233
732,232
654,232
1415,232
236,231
121,230
705,230
3228,229
526,229
197,229
2872,229
597,228
2738,228
1770,227
3352,227
140,227
3219,225
2515,224
137,224
941,224
2600,224
3113,223
3274,223
554,222
324,221
2310,220
41,220
775,220
805,219
596,219
623,219
365,219
172,218
206,218
3693,218
1528,218
2783,217
319,216
407,216
1045,215
1080,215
1379,215
1796,214
1065,214
924,214
2954,213
413,213
4033,213
1347,213
2088,212
337,212
1638,212
697,211
1717,211
3661,210
1965,210
263,210
4483,209
1827,209
114,208
1597,208
409,208
3296,207
2264,206
639,206
916,206
3792,205
4078,205
1761,204
2187,204
2893,203
2602,203
2747,202
2371,202
1012,201
617,200
847,200
298,200
859,200
827,200
232,200
1556,200
2548,200
1381,200
2404,200
2628,199
2562,199
2229,197
377,196
2261,196
3328,196
593,196
4919,196
399,196
1639,195
4043,195
1408,195
1341,193
1468,193
102,193
4027,192
825,192
4947,192
4101,191
2171,191
1274,191
2259,191
235,190
5095,190
1436,189
227,189
776,189
1898,189
2701,188
1828,187
4149,187
216,187
112,187
1077,187
501,187
2507,187
915,186
1434,186
1457,186
2167,185
296,185
2350,185
470,185
2109,185
482,185
2660,185
457,185
3535,184
5538,184
1525,184
1185,183
156,183
1542,183
1610,183
269,183
1697,182
5087,181
4534,180
1521,180
1937,180
3212,180
3383,180
1882,180
756,179
2360,179
2334,178
2059,178
5240,178
2085,178
1256,178
1285,178
1149,177
2752,176
2719,176
765,176
757,175
2434,175
635,175
1629,174
449,174
2173,174
865,174
1632,174
1749,173
803,173
710,173
951,173
3,172
62,172
1048,172
709,172
3071,172
836,172
228,171
646,171
2845,171
3106,170
2891,170
6818,170
3641,170
281,170
1535,170
2673,170
2883,169
3478,169
3317,169
2436,169
2664,168
1389,168
1567,168
992,168
344,168
2122,167
3079,167
158,167
1180,167
3973,166
1208,166
703,166
315,165
5086,164
2671,164
660,164
4576,164
511,164
3123,164
2090,164
974,163
1362,163
3480,163
54,163
4345,163
1444,163
89,163
2231,163
1144,162
386,162
1179,162
343,162
1392,162
273,162
1800,161
536,161
462,161
464,161
502,161
500,161
2582,161
2901,160
3243,160
2214,160
1099,160
2365,159
2282,159
707,159
2967,159
1331,159
1671,159
3410,159
1611,158
426,158
3711,158
2078,157
3195,157
1298,157
2016,157
919,156
179,156
348,156
2732,156
4220,156
126,155
883,155
85,155
1432,155
3230,154
1323,154
1952,154
75,154
2421,154
3086,153
341,153
5544,153
4072,153
3518,153
4245,153
1265,153
3198,153
389,153
2307,153
969,153
98,153
3368,153
113,152
398,152
3757,152
2156,152
2444,152
2870,152
1449,151
616,151
670,151
655,151
1562,151
745,150
2482,150
1660,150
1816,150
5311,150
2000,150
1934,150
262,150
1570,149
1337,149
1443,149
3810,149
2847,149
2607,148
65,148
3158,148
1446,148
4057,148
629,148
2164,147
168,147
3551,147
364,147
920,147
1656,147
4800,146
1138,146
5014,146
678,146
828,146
404,146
923,146
2866,145
1313,144
94,144
908,144
1772,144
2745,144
2743,144
2725,143
4753,143
1227,143
3047,143
1222,143
1334,143
2513,142
2799,142
2149,142
6240,142
2765,142
1196,142
1115,142
2398,141
1947,141
95,141
5772,141
1688,141
647,141
1155,141
3056,140
2197,140
111,140
1550,140
1199,140
3080,140
1630,140
957,139
5442,139
220,139
2522,139
2712,139
5140,139
970,138
699,138
3118,138
2788,137
4126,137
2356,137
384,137
2539,137
5016,137
392,137
1127,136
136,136
2516,136
1760,136
4515,136
1509,135
403,135
787,135
394,135
2342,135
2048,135
7991,135
2254,135
2917,134
5308,134
2073,134
1230,134
3643,134
4428,134
848,133
2840,133
1946,133
2393,133
1945,133
211,133
224,133
3159,133
305,132
822,132
1529,132
876,132
818,132
5357,132
3162,132
443,131
1359,131
2027,131
5434,131
853,131
2984,131
861,131
1405,131
3645,130
2668,130
2737,130
598,130
2517,130
816,130
2370,130
4031,130
4148,129
5112,129
1485,129
2367,129
2041,129
249,128
780,128
4738,128
182,128
6957,128
2714,128
387,128
1505,128
1120,128
850,127
1081,127
6120,127
2706,127
5663,127
1257,127
1667,127
230,126
504,126
3667,126
1410,126
2649,126
3964,126
2083,125
1553,125
704,125
2913,125
2520,125
3830,125
1221,125
588,125
506,125
5219,125
1522,125
408,124
2418,124
532,124
493,124
2047,124
1104,124
1357,124
2885,124
2871,124
2563,124
960,123
2798,123
2508,123
4649,123
3477,123
1154,123
4083,123
2414,123
3942,123
1926,123
592,123
1349,123
2449,122
2533,122
3737,122
5137,122
2914,122
772,122
1791,121
3119,121
718,121
851,121
967,121
962,121
641,121
1409,121
279,121
1765,120
15,120
23,120
1689,120
1168,120
4209,120
733,119
1750,119
1510,119
2751,119
1442,119
1184,119
4472,119
2638,119
2874,119
2202,119
1151,119
884,118
877,118
3976,118
91,118
7318,118
3385,118
1702,117
105,117
2690,117
755,117
339,117
81,117
6145,117
667,117
1043,117
3865,117
1300,117
3528,117
737,116
3028,116
5665,116
3982,116
259,116
1297,116
860,116
7678,115
477,115
2577,115
869,115
3444,115
4351,115
1541,115
2383,114
3389,114
3689,114
155,114
4256,114
2325,114
1637,114
6303,114
1098,114
1078,114
2536,114
2440,113
3452,113
798,113
565,113
773,113
3220,113
2204,113
1348,113
3436,113
2112,113
3200,113
892,112
875,112
2922,112
1911,112
2332,112
767,112
4056,112
4559,112
2952,112
244,112
858,112
4034,112
1394,112
2974,112
3499,112
396,111
2509,111
214,111
142,111
0,111
1340,111
3902,111
2890,111
867,111
116,110
2579,110
2567,110
2848,110
3870,110
901,110
777,110
5238,110
492,110
1819,109
1752,109
338,109
1867,109
2834,109
2481,109
5305,109
3595,109
4527,109
878,109
4191,108
1346,108
686,108
3341,108
1966,108
4276,108
1076,108
1378,108
405,107
1386,107
5163,107
965,107
5433,107
759,107
452,107
905,107
4544,107
601,107
146,107
2623,107
2849,107
631,106
2601,106
2591,106
4111,106
1126,106
4113,106
2148,106
1289,106
648,106
175,105
947,105
3500,105
2233,105
2794,105
1345,105
27,105
3067,105
1183,105
3694,105
1057,105
1245,104
2174,104
4814,104
1329,104
997,104
4921,104
317,104
485,104
650,104
1729,104
581,104
2678,104
5099,103
3340,103
1665,103
987,103
4811,103
2505,103
7622,103
20,103
2965,103
2850,103
744,103
215,103
3949,103
473,103
782,103
1657,102
454,102
722,102
2311,102
3087,102
4623,102
5069,102
910,102
2559,102
6138,102
566,101
701,101
2063,101
4805,101
5061,101
2139,101
3414,101
6902,101
1475,101
2086,101
451,101
2676,101
2648,101
3449,101
2884,101
838,101
3192,100
979,100
2961,100
2255,100
2422,100
3769,100
118,99
708,99
4505,99
6768,99
538,99
1035,99
613,99
6469,99
2880,99
1293,99
1807,99
2843,99
688,99
2277,99
6111,99
3954,98
4189,98
4699,98
2237,98
6910,98
2959,98
4563,98
5789,98
5259,98
2055,98
3150,98
2235,97
69,97
4398,97
700,97
4496,97
3018,97
385,97
3958,97
3937,97
1764,97
18,97
6263,97
4704,97
3710,97
2474,97
931,96
93,96
5360,96
1844,96
2103,96
4385,96
2632,96
1161,96
3573,96
6555,96
4844,96
4192,96
1324,96
5236,96
1846,95
5073,95
4255,95
410,95
2362,95
5405,95
2790,95
602,95
2769,95
5427,95
4354,95
615,95
3970,95
7261,95
1294,95
3629,95
1775,94
1533,94
1815,94
1907,94
181,94
2838,94
3242,94
489,94
1590,94
1713,94
2380,94
689,94
549,94
3117,94
4757,94
3114,94
188,94
153,94
4656,94
1424,94
2762,93
3134,93
3658,93
809,93
283,93
6802,93
3271,93
5448,93
2833,93
4095,93
1884,93
1182,93
5019,93
6308,93
5631,93
6155,93
4008,93
3097,93
2087,93
3044,92
2473,92
14,92
3698,92
2188,92
2009,92
5540,92
3663,92
1992,92
2353,92
3928,92
1920,92
246,92
3540,92
6239,92
1814,92
120,92
3076,91
763,91
3762,91
2526,91
1030,91
1906,91
2295,91
4266,91
2858,91
4330,91
5316,90
964,90
381,90
539,90
5171,90
7155,90
3346,90
4741,90
178,90
237,90
7570,90
4117,90
1822,90
3171,90
2033,89
3148,89
369,89
5234,89
4144,89
2427,89
320,89
3110,89
31,89
4883,89
2224,89
5271,89
2489,89
898,89
4804,89
4868,89
435,89
3501,89
4482,89
4898,89
1310,89
2382,89
4788,89
4585,89
4634,89
936,89
695,89
1082,89
7274,88
3794,88
2709,88
1249,88
1762,88
1608,88
2830,88
2976,88
3155,88
3135,88
1242,88
2479,88
1417,88
1450,88
4520,88
2728,88
4139,88
4698,88
194,88
2911,88
7550,87
2953,87
3015,87
4274,87
254,87
1404,87
1557,87
698,87
2682,87
1474,87
4364,87
3356,87
1631,87
4492,87
497,87
3070,87
2857,87
1600,87
1595,87
4164,87
4450,87
1010,87
3175,87
2842,87
2130,86
2962,86
499,86
1053,86
5746,86
77,86
4250,86
6124,86
582,86
4871,86
2354,86
4001,86
945,86
1588,86
5577,86
1321,86
1540,86
1228,86
2707,85
1781,85
4775,85
2986,85
4127,85
630,85
713,85
1504,85
3899,85
371,85
2321,85
4598,85
3367,85
2165,84
5399,84
4415,84
4239,84
164,84
3325,84
985,84
2348,84
2578,84
1921,84
2458,84
1328,84
1776,84
4643,84
5958,84
3377,83
652,83
439,83
395,83
6376,83
7179,83
90,83
4920,83
2659,83
1753,83
3912,83
201,83
2002,83
1351,83
4132,83
5272,83
5202,83
289,83
2808,83
4637,83
3062,82
2292,82
303,82
5052,82
1171,82
3379,82
349,82
6244,82
921,82
563,82
774,82
2530,82
2104,82
1317,82
1000,82
1944,82
1824,82
4045,82
4466,82
4131,82
5590,82
2145,82
1648,82
5539,82
3115,82
1838,82
3447,82
3139,82
6183,82
5220,82
2560,81
1496,81
8375,81
2201,81
100,81
2031,81
6453,81
4651,81
458,81
1391,81
2312,81
638,81
5068,81
5919,81
640,81
1968,81
529,81
4568,81
2739,81
5083,81
764,81
1849,81
5242,80
7504,80
1848,80
1812,80
972,80
959,80
4841,80
942,80
1698,80
864,80
6007,80
131,80
3012,80
3237,80
6859,80
5358,80
1067,79
5771,79
2329,79
4455,79
4448,79
1186,79
4890,79
3348,79
2644,79
5066,79
1466,79
3000,79
1901,79
4528,79
1769,79
4880,79
4373,79
1613,79
786,79
6527,79
2710,79
1131,78
3670,78
1549,78
1832,78
1513,78
2645,78
3627,78
2919,78
3180,78
1244,78
4891,78
1070,78
1318,78
1062,78
2614,78
1690,77
3475,77
1441,77
4353,77
3843,77
2598,77
1286,77
4430,77
1894,77
2702,77
1273,77
3251,77
1236,77
4077,77
3924,77
2576,77
636,77
5204,77
1202,77
7045,77
4957,77
644,77
694,77
2524,77
5348,77
1413,76
8211,76
1672,76
1333,76
6507,76
4185,76
1370,76
17,76
4624,76
4160,76
3193,76
4474,76
3384,76
1219,76
2485,76
1368,75
3088,75
5676,75
5879,75
3370,75
5970,75
811,75
1873,75
3361,75
3161,75
3536,75
4214,75
1429,75
914,75
1560,75
7124,75
3590,75
1452,75
78,74
4747,74
856,74
5748,74
5741,74
6540,74
4133,74
2238,74
625,74
8383,74
3201,74
2138,74
2314,74
6293,74
1188,74
4206,74
3239,74
1687,74
2705,74
2352,74
4416,74
1539,74
1338,74
4338,74
1165,74
1728,74
2349,74
6906,74
4876,74
2246,74
882,74
2612,73
2357,73
4235,73
6076,73
1763,73
3639,73
1859,73
8541,73
199,73
4670,73
1675,73
2585,73
4688,73
4517,73
696,73
1516,73
1806,73
4608,73
239,73
715,73
958,73
2463,73
6512,73
6423,73
2343,73
370,73
5116,72
5349,72
1181,72
1782,72
2157,72
2448,72
2163,72
6352,72
445,72
2923,72
1677,72
6589,72
3008,72
3041,72
3405,72
4726,72
1320,72
437,72
714,72
7036,72
4974,71
5477,71
1372,71
2662,71
1951,71
4907,71
2323,71
5215,71
911,71
1508,71
496,71
4848,71
7722,71
4889,71
6021,71
3440,71
2521,71
895,71
2407,71
2491,71
1971,71
2355,71
543,71
4491,71
6032,70
4241,70
666,70
1187,70
1175,70
2014,70
5115,70
661,70
4063,70
2933,70
2749,70
4050,70
3786,70
955,70
1055,70
4435,70
1327,70
7268,70
2862,70
4285,70
1970,70
5174,70
7474,70
814,70
5973,70
6458,70
4009,69
1315,69
1723,69
928,69
716,69
1696,69
2583,69
328,69
5456,69
8357,69
7975,69
4115,69
4502,69
4506,69
333,69
4513,69
2391,69
1908,69
5886,69
3979,69
2394,69
4456,69
4359,69
1114,69
6704,69
989,68
2527,68
2266,68
3262,68
784,68
1296,68
446,68
7525,68
200,68
7927,68
2432,68
8325,68
977,68
1393,68
5103,68
2054,68
2378,68
4342,68
3570,68
4049,68
1356,68
3179,68
7662,68
2028,68
3448,67
3617,67
680,67
2875,67
653,67
2777,67
1451,67
2805,67
5301,67
1462,67
1663,67
7463,67
1482,67
1727,67
5300,67
609,67
6887,67
1060,67
5065,67
2206,67
1130,67
4457,67
3057,67
331,67
1834,67
1037,67
2328,67
2501,67
726,67
3534,67
1913,66
4589,66
634,66
1133,66
5409,66
2166,66
3697,66
7783,66
3955,66
5533,66
3252,66
5005,66
6156,66
4514,66
3090,66
991,66
2519,66
1730,66
4602,66
1684,66
691,66
4499,66
2240,66
996,66
2387,66
4439,66
1414,66
6080,66
1001,66
4272,66
2433,66
2825,66
7639,65
4658,65
8459,65
4297,65
4566,65
2346,65
1095,65
3003,65
3706,65
658,65
3355,65
5263,65
3413,65
3846,65
3965,65
5648,65
3962,65
4195,65
1694,65
11,65
4381,65
5735,65
3181,65
620,65
3946,65
3944,65
2411,65
760,65
4936,65
251,65
2982,65
676,65
4279,65
4422,65
4787,65
517,65
3903,65
1084,65
3236,65
573,65
7329,65
173,65
1963,65
6405,64
4716,64
5302,64
2319,64
1518,64
556,64
1004,64
1984,64
3931,64
1669,64
229,64
4946,64
6562,64
6199,64
4762,64
3591,64
3947,64
107,64
3857,64
6678,64
4961,63
5691,63
983,63
2651,63
904,63
302,63
3563,63
1830,63
8149,63
3814,63
2775,63
361,63
742,63
5863,63
3223,63
1467,63
1308,63
3636,63
5158,63
442,63
4383,63
1721,63
3011,63
29,63
1919,62
1023,62
4530,62
2010,62
3796,62
288,62
3338,62
2541,62
3004,62
734,62
2366,62
3845,62
1461,62
1124,62
567,62
4710,62
2111,62
6896,62
6048,62
6549,62
3613,62
3238,62
4928,62
973,62
2446,62
2423,62
4756,62
2454,61
4320,61
2037,61
1411,61
6016,61
2431,61
886,61
3007,61
468,61
7152,61
5423,61
4647,61
2629,61
5567,61
7198,61
3069,61
2818,61
7872,61
5616,61
2420,61
2269,61
4657,61
6731,61
3233,61
2958,61
3165,61
2267,61
4243,61
2324,61
2137,61
2251,61
4242,61
3019,61
5574,60
783,60
1843,60
3344,60
624,60
2150,60
2241,60
3848,60
4652,60
2955,60
2754,60
1069,60
2615,60
1198,60
2476,60
3877,60
3472,60
1246,60
2863,60
5494,60
2456,60
4525,60
5674,60
3371,60
2813,60
3714,60
1041,60
5716,60
3708,59
6676,59
3273,59
3959,59
1279,59
5288,59
6126,59
4914,59
275,59
4983,59
6349,59
1759,59
1962,59
1603,59
577,59
1801,59
1028,59
2193,59
550,59
2826,59
7330,59
2981,59
2829,59
260,59
3968,59
2262,59
1868,59
1469,59
1847,59
2153,59
1805,59
1312,59
1160,59
4519,58
4481,58
1022,58
1768,58
3255,58
4054,58
7922,58
3537,58
994,58
2656,58
2030,58
1195,58
4003,58
2399,58
2535,58
3186,58
2141,58
4913,58
243,58
5548,58
1438,58
2247,58
4441,58
3268,58
6441,58
4145,58
6951,58
2359,58
3806,58
3605,58
938,58
475,58
4224,58
6586,57
9587,57
2300,57
3133,57
6788,57
3805,57
1593,57
4085,57
824,57
1247,57
1031,57
1720,57
1033,57
4299,57
1166,57
1825,57
3235,57
1056,57
2720,57
2918,57
3681,57
5412,57
561,57
2839,57
4403,57
326,57
4130,57
3745,57
3014,57
6490,57
9052,57
4645,57
1879,57
3850,57
88,57
2510,56
1755,56
6387,56
4653,56
1238,56
295,56
5564,56
418,56
1853,56
659,56
823,56
5727,56
1773,56
5041,56
1292,56
2605,56
87,56
5797,56
6643,56
1932,56
471,56
6794,56
3131,56
3163,56
727,56
2471,56
1369,56
6070,56
1263,56
7921,56
4380,56
9880,56
1054,56
4735,56
2595,56
1942,56
2121,56
4200,56
527,56
3650,56
2966,56
4508,56
5918,56
3450,56
6176,56
2744,56
2344,56
266,56
346,55
1754,55
1969,55
1358,55
3831,55
3277,55
1948,55
1692,55
1295,55
6783,55
6644,55
5953,55
3648,55
5124,55
7127,55
3992,55
1874,55
3514,55
2968,55
1789,55
768,55
267,55
1352,55
2279,55
6189,55
3199,55
6705,55
1515,55
3533,55
4331,55
466,55
3508,55
7621,55
421,55
4040,55
4641,54
8104,54
4661,54
4770,54
4918,54
2450,54
2770,54
5807,54
4511,54
3216,54
56,54
3790,54
3626,54
3984,54
8393,54
2252,54
2774,54
3099,54
1343,54
5647,54
6207,54
5195,54
4863,54
3351,54
1243,54
758,54
4280,54
5859,54
1886,54
1627,54
4392,54
7709,54
1803,54
1366,54
5502,54
4555,54
4282,54
8035,54
1506,54
2168,54
1109,54
4447,54
3575,54
6537,54
7499,54
7433,54
3665,54
2796,54
5205,54
8335,54
2542,54
5905,54
174,53
2302,53
487,53
5607,53
754,53
274,53
3246,53
7655,53
3683,53
2226,53
3808,53
966,53
4609,53
4724,53
1380,53
5697,53
2019,53
723,53
3789,53
833,53
240,53
976,53
1271,53
2309,53
4633,53
7763,53
419,53
5689,53
2963,53
6184,53
4926,53
891,53
1335,53
5685,53
5416,53
1888,53
2998,53
2897,53
4052,53
7989,53
2637,53
1384,53
2691,53
3166,53
3203,53
6444,53
5865,52
1958,52
2636,52
4291,52
4193,52
4702,52
3651,52
4818,52
664,52
906,52
4240,52
3329,52
7926,52
5248,52
7554,52
600,52
2689,52
4579,52
5549,52
7394,52
4763,52
5417,52
8307,52
7565,52
2506,52
3852,52
3920,52
4438,51
5102,51
1371,51
2136,51
1531,51
1193,51
1703,51
3151,51
5154,51
4847,51
5720,51
6001,51
4190,51
2549,51
656,51
5122,51
3466,51
3211,51
1929,51
1563,51
1016,51
5340,51
427,51
1798,51
6679,51
68,51
2397,51
3441,51
1267,51
3948,51
2887,51
4677,51
4324,51
5640,51
6897,51
6501,51
3844,51
1841,51
4521,51
1220,51
1276,51
2746,51
2504,51
3770,51
5804,51
3005,51
6162,51
5810,51
5830,51
6151,51
1795,51
1972,51
7362,50
6570,50
5438,50
8202,50
5522,50
4669,50
2589,50
1797,50
4923,50
6687,50
834,50
4237,50
2498,50
261,50
2994,50
139,50
1484,50
1620,50
2113,50
599,50
826,50
2523,50
6456,50
8184,50
6647,50
2496,50
1635,50
8014,50
4208,50
3995,50
109,50
8696,50
7024,50
3314,50
5990,50
3923,50
8458,50
939,50
6708,50
177,50
4405,50
8345,50
6365,50
5197,49
1481,49
3084,49
3406,49
610,49
3866,49
1339,49
2406,49
9434,49
4562,49
1006,49
2778,49
2184,49
1085,49
4316,49
2298,49
3130,49
4626,49
1258,49
6035,49
2234,49
1344,49
6237,49
1373,49
3073,49
6640,49
2263,49
5172,49
4321,49
2076,49
1455,49
531,49
2574,49
2127,49
4620,49
4053,49
6669,49
1192,49
6879,49
1399,49
7233,49
6426,49
3801,49
3451,49
1586,49
1403,49
4962,49
1676,48
3285,48
6759,48
7890,48
7418,48
5138,48
4436,48
2711,48
8068,48
3006,48
5021,48
1551,48
1933,48
5511,48
3027,48
3253,48
6600,48
3149,48
1330,48
9179,48
7413,48
2669,48
1283,48
2727,48
2049,48
2742,48
560,48
2939,48
993,48
2898,48
3783,48
7741,48
3322,48
7683,48
2060,48
1979,48
3496,48
7025,48
5600,47
1207,47
5688,47
3197,47
5191,47
6210,47
6307,47
5924,47
3821,47
1534,47
8139,47
7514,47
2447,47
8115,47
1223,47
8264,47
7325,47
2169,47
913,47
22,47
55,47
5369,47
2588,47
2118,47
7759,47
6558,47
4982,47
3121,47
2635,47
896,47
4477,47
3075,47
3049,47
7939,47
3913,47
7079,47
3572,47
5693,47
5569,46
3281,46
7880,46
2497,46
5776,46
1982,46
2630,46
3634,46
3997,46
534,46
3178,46
907,46
8625,46
1042,46
3703,46
4188,46
6816,46
5831,46
862,46
6508,46
4124,46
8010,46
5881,46
7404,46
6912,46
5601,46
8085,46
3187,46
7169,46
5827,46
2780,46
372,46
3682,46
4861,46
606,46
2297,46
3256,46
1708,46
1701,46
299,46
3927,46
2236,46
2155,46
909,46
4341,46
3640,46
4954,46
3332,46
1833,46
793,46
1074,46
4018,46
1673,46
6306,46
4709,46
1568,46
3520,45
4409,45
2844,45
7737,45
840,45
1633,45
6039,45
2564,45
4420,45
8511,45
902,45
5209,45
3800,45
5013,45
1158,45
7106,45
603,45
2906,45
233,45
3068,45
4081,45
57,45
3552,45
3849,45
7827,45
3078,45
6133,45
4028,45
1716,45
5093,45
2484,45
4029,45
7387,45
3204,45
5293,45
1400,45
1682,45
3215,45
4152,45
5253,45
4748,45
2493,45
608,45
6396,45
1579,45
4613,45
4986,45
711,45
5324,45
1880,45
5534,45
5666,45
4642,45
1774,45
4903,45
3996,45
2331,44
4509,44
5947,44
6011,44
282,44
2528,44
2619,44
3952,44
8470,44
2977,44
8328,44
5194,44
1736,44
3909,44
3705,44
1561,44
5929,44
1361,44
400,44
5877,44
2786,44
5563,44
3733,44
9388,44
2518,44
6651,44
2396,44
4055,44
6112,44
3350,44
4062,44
5251,44
3671,44
1974,44
3647,44
2734,44
1955,44
38,44
5938,44
5135,44
963,44
665,44
5464,44
4143,44
3832,44
2879,44
5408,44
1492,44
4156,44
1802,44
1799,44
2940,44
4524,44
2093,43
5835,43
1537,43
4540,43
6311,43
5118,43
6661,43
5255,43
8894,43
7906,43
2392,43
3971,43
3760,43
2126,43
1117,43
5630,43
6380,43
2684,43
769,43
4480,43
3603,43
7817,43
1896,43
2741,43
4123,43
4289,43
4259,43
893,43
4773,43
4985,43
3963,43
1792,43
6988,43
1790,43
4490,43
2313,43
3112,43
2680,43
2724,43
4740,43
5578,43
5136,43
1447,43
5832,43
3083,43
2558,43
1431,43
7536,43
6746,43
995,43
6254,43
1305,43
3416,43
5873,43
1905,43
918,43
5317,43
484,43
4090,43
5362,43
2930,43
7367,43
5221,42
1925,42
3020,42
3052,42
2415,42
2253,42
6580,42
4023,42
5699,42
8558,42
2750,42
5313,42
3749,42
1993,42
5015,42
887,42
2192,42
1949,42
4112,42
8197,42
5387,42
729,42
3194,42
3615,42
2658,42
572,42
3721,42
4733,42
4268,42
4158,42
796,42
2804,42
3939,42
7385,42
740,42
1325,42
6280,42
2611,42
4722,42
2545,42
1111,42
5257,42
1163,42
1565,42
5146,42
6921,42
4610,42
6767,42
3881,42
345,42
2361,42
2908,42
589,42
3259,42
3111,42
4275,42
1387,42
8407,42
1483,42
5874,42
6288,42
306,41
1686,41
4471,41
5843,41
9897,41
3125,41
4296,41
2225,41
937,41
1779,41
5501,41
5009,41
9901,41
3082,41
152,41
4816,41
6154,41
277,41
382,41
1108,41
6689,41
360,41
4167,41
2723,41
141,41
1426,41
835,41
5064,41
5635,41
3303,41
3437,41
8300,41
325,41
4038,41
3632,41
250,41
108,41
750,41
2409,41
7010,41
8090,41
6123,41
1473,41
30,41
1877,41
35,41
2587,41
8533,41
297,41
2064,41
4074,41
7147,41
5606,41
1646,41
1892,41
1831,41
3859,41
8629,41
6279,41
4425,41
1224,41
6681,41
4618,41
585,41
6105,41
2784,41
1020,41
1021,41
6574,41
2572,41
309,41
4970,41
3938,41
2971,41
2551,41
7351,41
1326,41
4884,41
6015,40
1938,40
5178,40
3386,40
301,40
162,40
6760,40
1364,40
8015,40
7766,40
4966,40
5354,40
7046,40
6379,40
1232,40
1132,40
590,40
3183,40
7519,40
3555,40
7592,40
3258,40
2066,40
3349,40
3362,40
5704,40
3092,40
6147,40
9275,40
6188,40
4760,40
4951,40
8817,40
7963,40
1640,40
8985,40
6762,40
2899,40
3653,40
7069,40
2729,40
4217,40
5749,40
3569,40
3666,40
3882,40
3688,40
5662,40
5091,40
2580,40
4667,40
753,40
4367,40
9567,40
3623,40
4352,40
1040,40
72,40
3394,40
1587,40
2494,40
335,40
1644,40
1164,40
8418,40
3399,40
2766,40
6416,40
1654,40
1007,40
1336,40
3210,40
1693,40
248,40
702,39
5296,39
4755,39
3249,39
5920,39
4606,39
5721,39
4696,39
3030,39
2569,39
5783,39
3956,39
8259,39
2695,39
7745,39
5291,39
6158,39
3459,39
7814,39
6938,39
7414,39
4980,39
6119,39
2622,39
420,39
1143,39
3691,39
7725,39
5211,39
467,39
1744,39
8946,39
870,39
444,39
6028,39
4376,39
1189,39
1093,39
4989,39
3343,39
1964,39
2633,39
123,39
340,39
4550,39
1899,39
2475,39
4258,39
7501,39
3547,39
5612,39
6065,39
440,39
4817,39
2290,39
6979,39
4343,39
3904,39
5785,39
5182,39
2186,39
7590,39
8348,39
3221,39
4194,39
6299,39
6390,39
4858,39
651,39
2801,39
3295,39
7867,39
6052,38
7177,38
28,38
1793,38
3002,38
521,38
2537,38
5759,38
6006,38
7747,38
5596,38
5957,38
4026,38
5207,38
3494,38
558,38
2733,38
3066,38
3359,38
6599,38
3827,38
6883,38
2116,38
7750,38
3493,38
3442,38
1893,38
1406,38
7383,38
4774,38
1460,38
4020,38
2052,38
7308,38
1869,38
4116,38
2478,38
5465,38
866,38
5615,38
2708,38
812,38
6023,38
4706,38
1456,38
9705,38
8613,38
4269,38
801,38
7244,38
8240,38
5986,38
4917,38
802,38
5155,38
6692,38
8148,38
5098,38
2969,38
3797,38
586,38
5392,37
6840,37
1498,37
8798,37
1306,37
2787,37
956,37
2943,37
2683,37
5872,37
7030,37
1940,37
2755,37
3354,37
3967,37
316,37
4867,37
3890,37
6243,37
5488,37
1046,37
7109,37
4287,37
9036,37
1915,37
6322,37
3378,37
4328,37
8552,37
3978,37
2861,37
9543,37
1887,37
9260,37
746,37
33,37
7598,37
6057,37
4315,37
5900,37
3244,37
8102,37
3048,37
8054,37
2610,37
897,37
6893,37
3129,37
4064,37
7664,37
8231,37
2096,37
286,37
5467,37
5747,37
7596,37
2573,37
285,37
4997,37
3272,37
8350,37
1991,37
5343,37
7569,37
528,37
73,37
2873,37
4881,37
2935,37
2525,37
4638,37
4468,37
3462,37
2655,36
8173,36
8765,36
3425,36
1823,36
4526,36
1374,36
4165,36
4016,36
7912,36
4605,36
4497,36
1681,36
6106,36
5541,36
3785,36
6797,36
3096,36
4597,36
4887,36
3033,36
2114,36
9772,36
6499,36
736,36
4429,36
1737,36
4686,36
6329,36
351,36
5526,36
3016,36
980,36
6257,36
6180,36
6590,36
4362,36
662,36
6671,36
4697,36
5490,36
6225,36
6367,36
6673,36
1136,36
1891,36
1973,36
6086,36
2713,36
5767,36
2802,36
3609,36
2151,36
1097,36
4262,36
3324,36
3813,36
6852,36
3202,36
2547,36
6217,36
3390,36
3017,36
3022,36
7505,36
1784,36
4418,36
1105,36
1766,36
9422,36
2915,36
3818,36
4776,36
1594,36
2931,36
3579,36
2274,36
1634,36
1307,36
5731,36
3646,36
479,36
2159,35
9241,35
2599,35
3126,35
5133,35
6660,35
4807,35
2704,35
1748,35
2034,35
3638,35
5333,35
7089,35
8604,35
2717,35
8680,35
294,35
2538,35
3833,35
6744,35
1044,35
1493,35
3482,35
6801,35
8678,35
4689,35
4198,35
7802,35
6401,35
3743,35
5705,35
4007,35
5483,35
7676,35
3527,35
6422,35
3146,35
264,35
6785,35
379,35
6045,35
5515,35
1512,35
7185,35
423,35
97,35
2400,35
1526,35
4203,35
2699,35
6675,35
2997,35
8800,35
1377,35
4856,35
5183,35
3727,35
1470,35
9030,35
7415,35
6273,35
9805,35
2999,35
9940,35
5451,35
2217,35
9099,35
7140,35
6172,35
5414,34
7096,34
5793,34
3505,34
10295,34
5376,34
6944,34
8484,34
1092,34
6305,34
4102,34
4799,34
1821,34
1059,34
663,34
1881,34
3234,34
3010,34
5984,34
7606,34
6639,34
5111,34
3607,34
5694,34
2853,34
2767,34
2230,34
8195,34
7307,34
4485,34
6645,34
4313,34
6559,34
3153,34
4593,34
5114,34
5597,34
4984,34
633,34
1960,34
7270,34
6878,34
3497,34
9436,34
3654,34
322,34
5535,34
4826,34
1820,34
6958,34
9427,34
8169,34
5445,34
5184,34
6856,34
7663,34
7489,34
79,34
2540,34
7612,34
3985,34
3874,34
6922,34
3401,34
4798,34
7218,34
6862,34
6452,34
6083,34
3421,34
5851,34
9682,34
3502,34
4478,34
9738,34
4691,34
8575,34
5304,34
6356,34
1543,34
4571,34
3779,34
7801,34
5167,34
5545,34
7441,33
6729,33
4389,33
5991,33
9963,33
1291,33
5063,33
6934,33
1112,33
4445,33
7697,33
3105,33
1003,33
6336,33
6736,33
3945,33
7614,33
1215,33
1517,33
9509,33
6892,33
9823,33
5904,33
6165,33
5729,33
5671,33
3035,33
9610,33
5337,33
2698,33
1241,33
888,33
3981,33
1714,33
7226,33
5307,33
1527,33
5077,33
2992,33
1397,33
9984,33
512,33
885,33
4357,33
6518,33
8498,33
176,33
6425,33
6024,33
1780,33
5786,33
4852,33
6525,33
7978,33
3511,33
3905,33
1288,33
950,33
5241,33
6366,33
2824,33
2949,33
3037,33
5439,33
6945,33
1145,33
3132,33
3972,33
7746,33
476,33
5955,33
10271,33
7806,33
2293,33
7594,33
3747,33
4771,33
7173,33
5168,33
2832,33
2991,33
7283,33
3396,33
4650,33
5292,33
4097,33
5232,33
7214,33
2674,33
7585,33
4909,33
3738,33
2670,33
5714,32
5537,32
7336,32
2091,32
4995,32
7254,32
2077,32
9162,32
2781,32
2606,32
4225,32
3750,32
3752,32
5249,32
6178,32
5913,32
5222,32
4842,32
1500,32
5838,32
6385,32
5921,32
6415,32
5478,32
5159,32
1499,32
3987,32
2460,32
3740,32
5121,32
7432,32
9480,32
4500,32
3127,32
2499,32
2855,32
5370,32
9271,32
982,32
5169,32
3116,32
7774,32
7953,32
5373,32
3267,32
2995,32
4754,32
4498,32
3726,32
5105,32
9563,32
1738,32
58,32
2074,32
6984,32
7375,32
25,32
1216,32
6095,32
621,32
1545,32
2924,32
375,32
185,32
2372,32
7159,32
7392,32
2232,32
6722,32
1607,32
1724,32
6264,32
2373,32
3961,32
2934,32
3957,32
8063,32
8268,32
6761,32
5675,32
10345,32
9490,32
3934,31
96,31
3072,31
4263,31
1002,31
5463,31
5825,31
3312,31
6713,31
855,31
932,31
7743,31
1497,31
2928,31
6712,31
4233,31
6227,31
6472,31
5108,31
5039,31
7854,31
1709,31
6026,31
10323,31
8174,31
6846,31
1038,31
2222,31
3690,31
1428,31
5070,31
1253,31
800,31
1685,31
3160,31
4832,31
6915,31
2413,31
8607,31
5175,31
6691,31
4507,31
6751,31
6047,31
6766,31
946,31
417,31
3610,31
4570,31
2154,31
1986,31
6991,31
5744,31
2207,31
6597,31
3530,31
6638,31
1591,31
7232,31
6959,31
7264,31
5176,31
5404,31
9675,31
1636,31
6999,31
5638,31
4459,31
9417,31
7653,31
9066,31
1583,31
3279,31
3391,31
5150,31
6073,31
7947,31
9408,31
3174,31
7524,31
6143,31
1503,31
3408,31
6723,31
10049,31
2119,31
5715,31
6438,31
7174,31
3313,31
4046,31
3809,31
6090,31
5974,31
1641,31
7039,30
3731,30
6786,30
10774,30
1734,30
9199,30
1580,30
2663,30
2604,30
2035,30
6447,30
5837,30
10201,30
5481,30
5997,30
1036,30
6402,30
6323,30
2098,30
5861,30
6202,30
3768,30
927,30
1691,30
3382,30
7964,30
8858,30
6471,30
1710,30
3741,30
2005,30
6103,30
3460,30
8425,30
3577,30
5575,30
1213,30
4226,30
327,30
3929,30
2172,30
4639,30
150,30
5084,30
7355,30
1407,30
1683,30
524,30
5988,30
3021,30
5887,30
2006,30
7535,30
1731,30
4956,30
313,30
2552,30
430,30
1489,30
5217,30
2459,30
3751,30
4319,30
799,30
7871,30
6228,30
5636,30
6449,30
4646,30
7448,30
2363,30
5972,30
3369,30
4238,30
3921,30
7983,30
1314,30
1872,30
6873,30
8471,30
1954,30
5604,30
3468,30
6040,30
2424,30
5637,30
2050,30
1225,30
6539,30
5980,30
4870,30
8283,30
4371,30
1367,30
5461,30
5378,30
3824,30
9332,30
4004,30
2812,30
3585,30
622,30
7772,30
2851,30
5895,30
7544,30
3331,30
2726,30
5723,30
5420,29
6181,29
3492,29
165,29
11051,29
2161,29
4335,29
465,29
6741,29
3606,29
2390,29
7022,29
5188,29
2722,29
6831,29
7446,29
2735,29
2532,29
2985,29
5836,29
7731,29
8789,29
5444,29
4355,29
5132,29
7121,29
8999,29
5328,29
9370,29
6994,29
4173,29
3673,29
706,29
8771,29
2772,29
8001,29
7267,29
6022,29
8972,29
4840,29
5480,29
271,29
4412,29
6748,29
4411,29
9071,29
2503,29
3172,29
7059,29
6622,29
434,29
7520,29
300,29
5555,29
74,29
6078,29
2123,29
5754,29
9017,29
9233,29
8443,29
2438,29
1596,29
7640,29
5995,29
5559,29
4743,29
8588,29
1026,29
2228,29
4021,29
10343,29
8495,29
4120,29
4231,29
7800,29
1027,29
4855,29
6807,29
7876,29
7723,29
4786,29
7060,29
1101,29
5994,29
6990,29
4014,29
7222,29
2032,29
4533,29
4382,29
3479,29
5344,29
7513,29
5353,29
6585,29
6250,29
2194,29
7135,28
2131,28
3433,28
6861,28
3257,28
3873,28
2080,28
12,28
3254,28
4543,28
1706,28
5462,28
11020,28
10605,28
7293,28
2731,28
3176,28
7848,28
1448,28
3807,28
7589,28
8636,28
3241,28
2841,28
9303,28
10211,28
9094,28
4586,28
5327,28
4972,28
2916,28
6758,28
7552,28
6259,28
2945,28
2470,28
3784,28
4694,28
6665,28
8060,28
7134,28
1231,28
6370,28
3723,28
5031,28
7574,28
4821,28
5299,28
4703,28
6800,28
1472,28
3188,28
5777,28
9491,28
9104,28
6869,28
6234,28
3771,28
8040,28
3732,28
8207,28
5012,28
6658,28
1237,28
5910,28
2837,28
7287,28
2053,28
8400,28
5037,28
7834,28
9680,28
7322,28
7941,28
3504,28
7793,28
4554,28
6556,28
461,28
7790,28
1621,28
6637,28
4518,28
5509,28
6485,28
4488,28
5487,28
7938,28
4103,28
5060,28
3725,28
5774,28
6618,28
2570,28
9143,28
2308,28
5213,28
2910,28
1423,28
4553,28
2142,28
6149,28
5212,28
6914,28
6004,28
9834,28
402,28
1612,28
5933,28
8776,28
3107,28
2856,28
5937,28
3838,28
4141,28
1602,28
3649,28
2631,28
8189,28
2082,28
2546,28
1864,28
5967,28
6134,28
569,28
4099,28
1785,28
1788,28
6474,28
6724,28
3566,28
2358,28
6476,28
7438,28
2128,28
311,27
5876,27
4744,27
795,27
8592,27
7224,27
3001,27
2045,27
3034,27
6962,27
8895,27
903,27
3040,27
6635,27
3407,27
1376,27
4537,27
8230,27
3109,27
7205,27
5603,27
3758,27
2315,27
4725,27
5668,27
9481,27
7878,27
7114,27
8599,27
6261,27
3128,27
1239,27
4118,27
8161,27
6003,27
8126,27
657,27
5732,27
1585,27
5027,27
2120,27
6069,27
5803,27
2466,27
2760,27
3358,27
5266,27
4611,27
5516,27
7053,27
2617,27
3323,27
6799,27
3656,27
6163,27
3544,27
9639,27
881,27
5897,27
1375,27
9564,27
3980,27
2451,27
3773,27
4166,27
3880,27
1229,27
9078,27
5130,27
3168,27
363,27
2203,27
1106,27
7142,27
5761,27
1005,27
8814,27
304,27
4433,27
3507,27
3707,27
1914,27
2286,27
4810,27
1519,27
4522,27
5034,27
4860,27
839,27
3994,27
7761,27
4322,27
8251,27
124,27
4845,27
7724,27
2036,27
3538,27
2337,27
5708,27
1029,27
3515,27
3564,27
5799,27
4731,27
7209,27
7180,27
390,27
1049,27
3454,27
7080,27
1480,27
4071,27
3761,27
3229,27
1156,27
5609,27
5421,27
7113,26
4666,26
4510,26
6326,26
5189,26
7610,26
4395,26
562,26
2492,26
5128,26
7682,26
8050,26
6101,26
2514,26
4713,26
3488,26
8523,26
7003,26
2646,26
7667,26
9887,26
9217,26
3999,26
4151,26
10282,26
771,26
5277,26
161,26
8720,26
5310,26
10091,26
5485,26
4663,26
7843,26
785,26
2007,26
4839,26
10268,26
6043,26
6295,26
673,26
2345,26
3739,26
9281,26
5588,26
2502,26
6148,26
6097,26
5429,26
1121,26
9110,26
6347,26
7910,26
7282,26
1809,26
10579,26
5312,26
7468,26
4831,26
2341,26
4737,26
6913,26
6435,26
9133,26
612,26
2865,26
9012,26
3717,26
3974,26
1865,26
10933,26
6482,26
3373,26
8455,26
1912,26
507,26
7896,26
7157,26
520,26
2368,26
1771,26
2070,26
6204,26
10668,26
8315,26
8571,26
5875,26
5552,26
7645,26
6238,26
2483,26
2177,26
2878,26
3393,26
3054,26
3753,26
1704,26
9604,26
4572,26
10116,26
2333,26
63,26
1856,26
515,26
7471,26
4484,26
157,26
7396,26
4796,26
9146,26
7101,26
1837,26
4873,26
8842,26
1705,26
4002,26
7719,26
432,26
5864,26
986,26
3363,26
3746,26
4183,26
8529,26
7567,26
2550,26
5653,26
9586,26
5476,26
3642,26
2978,26
999,26
1477,26
3400,26
1711,26
6129,26
6594,26
8304,26
6714,26
2289,26
6823,26
4648,26
7887,26
3464,26
4939,26
3009,26
3289,26
2895,25
5736,25
1569,25
9443,25
4819,25
2146,25
10453,25
6683,25
9215,25
6696,25
5452,25
3684,25
10163,25
3941,25
7265,25
8910,25
9428,25
9473,25
7116,25
5818,25
2975,25
356,25
4708,25
5113,25
7666,25
7082,25
2730,25
6674,25
7914,25
1282,25
5878,25
4288,25
8322,25
5713,25
3719,25
2694,25
9272,25
8628,25
4547,25
5514,25
6338,25
193,25
7819,25
8991,25
7255,25
1142,25
5356,25
6773,25
1471,25
226,25
6486,25
9311,25
3263,25
7558,25
258,25
5342,25
5642,25
3310,25
3013,25
2340,25
8313,25
3709,25
3604,25
9302,25
2227,25
8568,25
4060,25
4992,25
6110,25
6466,25
9713,25
4578,25
4834,25
7808,25
2896,25
4017,25
8225,25
2816,25
4216,25
2191,25
1396,25
7052,25
741,25
252,25
367,25
9280,25
8787,25
6740,25
9425,25
1943,25
9372,25
2335,25
3143,25
808,25
2100,25
5430,25
2894,25
4421,25
9112,25
2666,25
6864,25
4897,25
5992,25
6613,25
4205,25
6034,25
4692,25
5233,25
1996,25
8022,25
3825,25
8412,25
3260,25
6546,25
6381,25
5960,25
4129,25
8112,25
6847,25
3798,25
8436,25
1885,24
1997,24
3169,24
5551,24
8109,24
3837,24
5289,24
241,24
7145,24
5801,24
2147,24
9253,24
5165,24
8693,24
5833,24
2634,24
6318,24
1836,24
8783,24
4908,24
4202,24
6058,24
3443,24
5347,24
5389,24
5237,24
9100,24
1268,24
3898,24
7285,24
8818,24
7816,24
5007,24
10270,24
6201,24
7792,24
3214,24
472,24
6880,24
115,24
7704,24
829,24
6974,24
1153,24
383,24
637,24
1087,24
7551,24
3453,24
8763,24
8507,24
7646,24
1157,24
5180,24
4675,24
7545,24
8762,24
1923,24
2181,24
645,24
5899,24
8083,24
1354,24
7826,24
3122,24
5227,24
3315,24
762,24
5936,24
3657,24
8870,24
7841,24
10338,24
9314,24
1956,24
7077,24
8438,24
4424,24
6247,24
4301,24
7083,24
998,24
2258,24
8095,24
7067,24
9170,24
9360,24
5094,24
10507,24
879,24
8299,24
3847,24
2200,24
4580,24
4975,24
3608,24
9501,24
6296,24
1747,24
9839,24
6248,24
5335,24
4599,24
5359,24
4024,24
3365,24
1726,24
6437,24
8020,24
5560,24
1976,24
5319,24
4442,24
8191,24
5712,24
1479,24
3510,24
8653,24
1226,24
7363,24
9392,24
2757,24
9248,24
8390,24
3326,24
2249,24
9251,24
1813,24
6179,24
2748,24
4690,24
5738,23
7324,23
7316,23
1090,23
8427,23
3418,23
436,23
4851,23
3205,23
5943,23
6961,23
8516,23
5419,23
1787,23
7578,23
8235,23
6082,23
1350,23
4182,23
2902,23
1927,23
7243,23
9577,23
7118,23
7523,23
1735,23
10218,23
3998,23
3993,23
9828,23
4782,23
6417,23
5915,23
533,23
1852,23
2756,23
4388,23
6889,23
2627,23
7467,23
10509,23
4714,23
8358,23
5401,23
5400,23
6325,23
2160,23
8206,23
6860,23
1015,23
8229,23
6919,23
1287,23
4934,23
7057,23
4857,23
9634,23
6167,23
3560,23
6246,23
7648,23
3728,23
2023,23
1999,23
8731,23
6641,23
3217,23
86,23
7571,23
5690,23
1860,23
8956,23
3140,23
8988,23
4495,23
5394,23
4187,23
5123,23
5527,23
4882,23
10527,23
10037,23
815,23
6927,23
8547,23
3467,23
8359,23
1674,23
4361,23
10638,23
1903,23
3943,23
4210,23
2758,23
7419,23
7497,23
5006,23
7350,23
8125,23
2453,23
4253,23
7102,23
7984,23
2273,23
2568,23
8919,23
4157,23
5710,23
2179,23
8993,23
5486,23
2244,23
820,23
308,23
2715,23
5017,23
7144,23
5214,23
540,23
7263,23
6732,23
8717,23
2852,23
1922,23
9464,23
6382,23
10484,23
6446,23
9339,23
7341,23
1987,23
7714,23
9527,23
9652,23
5273,23
1435,23
4875,23
4093,23
6274,23
5805,23
5040,23
8886,23
7070,23
7479,23
1662,23
5752,23
2947,23
3283,23
3074,23
6967,23
5192,22
8364,22
1839,22
314,22
11330,22
6033,22
10413,22
3764,22
8535,22
10376,22
5518,22
7521,22
1995,22
7215,22
8306,22
7632,22
8615,22
5901,22
7048,22
7148,22
2531,22
2613,22
6601,22
10491,22
4820,22
4479,22
1536,22
2932,22
3213,22
6481,22
6457,22
8343,22
7862,22
7172,22
2854,22
807,22
1458,22
4592,22
2395,22
6619,22
2641,22
2686,22
4784,22
82,22
10136,22
4674,22
6581,22
3455,22
8801,22
739,22
6211,22
8314,22
2419,22
7935,22
1445,22
5778,22
3042,22
5287,22
6837,22
2716,22
4402,22
10327,22
6451,22
1494,22
8254,22
1191,22
7684,22
6998,22
2677,22
7858,22
5698,22
6519,22
8962,22
4211,22
8286,22
7183,22
4895,22
7548,22
6504,22
5054,22
8526,22
3100,22
2469,22
8700,22
2881,22
6140,22
5911,22
3182,22
7651,22
1355,22
8676,22
6790,22
6977,22
6267,22
1745,22
3853,22
6552,22
5269,22
3742,22
4037,22
8528,22
6978,22
7170,22
6130,22
5131,22
3404,22
6205,22
4174,22
4590,22
3152,22
4764,22
7485,22
8828,22
4801,22
5667,22
2620,22
6383,22
10405,22
8929,22
5623,22
3861,22
8091,22
210,22
1086,22
6102,22
332,22
5829,22
1018,22
9606,22
7065,22
7291,22
7084,22
1332,22
5455,22
4228,22
8142,22
10206,22
8476,22
9734,22
3803,22
1439,22
4886,22
8431,22
6841,22
7192,22
4504,22
3778,22
10985,22
3226,22
8320,22
5428,22
6851,22
8603,22
1520,22
6709,22
6835,22
7344,22
4011,22
6810,22
5036,22
4742,22
3522,22
5989,22
8692,22
7250,22
7086,22
11076,22
2561,22
205,22
5742,21
4005,21
4344,21
5231,21
1094,21
8247,21
8915,21
7791,21
4822,21
4601,21
873,21
1751,21
6116,21
2603,21
1507,21
7985,21
9171,21
4630,21
1491,21
9320,21
2029,21
4565,21
8986,21
10768,21
9773,21
2256,21
4348,21
2158,21
4600,21
3871,21
2040,21
9872,21
5791,21
4906,21
7675,21
8405,21
6500,21
7986,21
8658,21
1135,21
4503,21
5142,21
4538,21
10826,21
7924,21
2416,21
3836,21
8781,21
2260,21
4311,21
3432,21
9382,21
4184,21
7918,21
5780,21
4286,21
7153,21
4940,21
6909,21
8144,21
5076,21
2789,21
8011,21
10072,21
4006,21
10048,21
6718,21
8449,21
4672,21
10489,21
5508,21
3207,21
1619,21
8130,21
2876,21
9647,21
5218,21
8361,21
9085,21
685,21
5755,21
3506,21
6094,21
7231,21
4122,21
4106,21
6174,21
6216,21
9062,21
7992,21
4264,21
9243,21
6104,21
5952,21
3977,21
9391,21
852,21
280,21
6159,21
5619,21
9988,21
6719,21
10637,21
3051,21
1248,21
10224,21
5298,21
6926,21
5397,21
4700,21
7506,21
5042,21
1200,21
1732,21
8465,21
8110,21
5250,21
8373,21
8188,21
6270,21
6320,21
7132,21
3562,21
5497,21
10308,21
7852,21
6734,21
10369,21
6777,21
7726,21
8983,21
9018,21
4931,21
2339,21
6929,21
4655,21
2529,21
10469,21
10697,21
1342,21
8887,21
9899,21
1398,21
3524,21
3659,21
4977,21
5185,21
3699,21
8725,21
8378,21
6195,21
8852,21
6588,21
2215,21
5325,21
7898,21
5751,21
7629,21
9154,21
7869,21
7993,21
6330,21
7411,21
6604,21
2900,21
4772,21
5546,21
1983,21
3240,21
5284,21
5262,21
3767,21
6115,21
3863,21
679,21
8959,21
5702,21
4532,21
2776,21
7940,21
6348,21
2679,21
3856,21
3748,21
5621,21
192,20
6875,20
5489,20
788,20
3556,20
5436,20
2105,20
9459,20
8201,20
7749,20
9505,20
6995,20
2827,20
7455,20
580,20
7738,20
3108,20
6271,20
1139,20
7445,20
4539,20
6620,20
2782,20
3196,20
968,20
10043,20
4720,20
5757,20
4432,20
6013,20
10020,20
7136,20
9745,20
6716,20
2021,20
6000,20
3457,20
6621,20
3366,20
3594,20
6803,20
6334,20
5200,20
5491,20
3397,20
6529,20
5517,20
4309,20
8730,20
8576,20
9659,20
5525,20
9169,20
7739,20
2877,20
3596,20
4803,20
5053,20
7756,20
2621,20
5591,20
6693,20
4825,20
10346,20
5768,20
10834,20
6544,20
5565,20
4616,20
7186,20
7305,20
7620,20
7830,20
8811,20
7049,20
3438,20
5848,20
9617,20
6077,20
6328,20
5049,20
6411,20
26,20
10321,20
10397,20
9297,20
9088,20
7066,20
2815,20
4872,20
6177,20
9588,20
3461,20
4546,20
9597,20
5382,20
6031,20
8897,20
7420,20
10620,20
1829,20
8605,20
3299,20
6429,20
6298,20
5361,20
7182,20
6465,20
5743,20
1670,20
6667,20
4229,20
3546,20
3206,20
7194,20
9150,20
9813,20
3635,20
1626,20
5562,20
3403,20
4607,20
8550,20
8698,20
948,20
6568,20
7778,20
4963,20
4278,20
6448,20
5072,20
5153,20
9916,20
926,20
1385,20
1234,20
4617,20
5739,20
10745,20
1197,20
8028,20
4073,20
5282,20
1119,20
6763,20
7919,20
2768,20
42,20
2467,20
6049,20
10151,20
10401,20
614,20
8627,20
5330,20
6331,20
7634,20
5479,20
6745,20
8708,20
7861,20
4684,20
9122,20
5044,20
3495,20
975,20
7437,20
6963,20
1740,20
9904,20
7247,20
4561,20
6478,20
4175,20
5701,20
4302,20
9416,20
1870,20
9442,20
8631,20
1746,20
9000,20
2653,20
7347,20
3679,20
4168,19
9378,19
9478,19
10793,19
4082,19
6953,19
5773,19
10336,19
5975,19
5181,19
5323,19
5179,19
196,19
9913,19
4273,19
7822,19
9914,19
4047,19
10305,19
8522,19
8768,19
4990,19
2703,19
530,19
6071,19
3896,19
5856,19
935,19
9692,19
5109,19
2661,19
4619,19
4678,19
6406,19
9591,19
10228,19
5341,19
2386,19
5089,19
7840,19
4964,19
6670,19
5503,19
3799,19
8157,19
1628,19
9025,19
8232,19
6591,19
2265,19
9594,19
7328,19
1172,19
9236,19
2175,19
6354,19
3989,19
5683,19
8608,19
6392,19
5966,19
5941,19
4142,19
5473,19
3473,19
5437,19
10162,19
6483,19
7782,19
49,19
2468,19
5779,19
1980,19
7449,19
6855,19
4135,19
5925,19
3793,19
5842,19
7705,19
6460,19
4827,19
6690,19
10417,19
8421,19
2170,19
180,19
4318,19
5164,19
7213,19
6572,19
10694,19
1741,19
2182,19
9695,19
4270,19
1025,19
9413,19
4010,19
1707,19
7768,19
2272,19
9857,19
5654,19
2860,19
8921,19
7260,19
9051,19
10836,19
5352,19
5406,19
4945,19
2597,19
1218,19
7361,19
4911,19
5346,19
8773,19
3704,19
2692,19
5576,19
2948,19
5765,19
3423,19
1420,19
3700,19
8124,19
4587,19
571,19
2275,19
2472,19
9737,19
4267,19
5001,19
2106,19
5692,19
7851,19
9585,19
6287,19
6344,19
3879,19
7339,19
4333,19
2993,19
2909,19
2556,19
8644,19
6464,19
3718,19
5081,19
3498,19
4163,19
2441,19
6327,19
6171,19
4777,19
5678,19
4790,19
5770,19
9907,19
8294,19
6569,19
9032,19
6313,19
8106,19
4564,19
7492,19
2575,19
5999,19
5334,19
3736,19
2412,19
8301,19
7674,19
1290,19
1576,19
7757,19
7275,19
5226,19
9026,19
2921,19
1316,19
4041,19
2320,19
3990,19
5781,19
4603,19
5079,19
2867,19
9578,19
11172,19
3430,19
5331,19
3637,19
6297,19
2099,19
5737,19
6925,19
10728,19
2488,19
553,19
5210,19
8186,19
1465,19
9479,19
10517,19
5225,19
2299,19
2374,19
8215,19
4170,19
9230,19
10562,19
3812,19
5584,19
9837,19
186,19
4298,19
7223,19
7706,19
978,19
4660,19
2058,19
9579,19
3491,19
4973,19
7012,19
6965,19
9323,19
1719,19
4567,18
10190,18
5633,18
8860,18
10155,18
2609,18
3561,18
6950,18
7760,18
10755,18
8540,18
5023,18
9153,18
10125,18
8859,18
3435,18
8888,18
8489,18
9350,18
10878,18
8586,18
7168,18
9990,18
6358,18
7464,18
844,18
5350,18
8672,18
8796,18
8884,18
5655,18
1668,18
5050,18
7928,18
4901,18
2108,18
8556,18
6186,18
5760,18
6983,18
618,18
330,18
10361,18
7407,18
3411,18
10214,18
2951,18
8285,18
5945,18
8472,18
5763,18
5806,18
4877,18
6517,18
7604,18
9570,18
2642,18
6136,18
8025,18
8942,18
8953,18
5090,18
3549,18
4449,18
11272,18
3678,18
2176,18
6404,18
6150,18
5981,18
7178,18
900,18
4489,18
7787,18
3571,18
4560,18
1924,18
352,18
7094,18
9769,18
4750,18
9228,18
4379,18
6711,18
4802,18
2624,18
5651,18
7883,18
4349,18
2654,18
8279,18
2220,18
2700,18
9854,18
7784,18
7885,18
5107,18
8602,18
3043,18
11112,18
1275,18
6454,18
7029,18
3588,18
3630,18
7681,18
4942,18
4300,18
766,18
2672,18
6809,18
5097,18
6726,18
7061,18
6443,18
1917,18
10612,18
8883,18
10036,18
9191,18
5656,18
2980,18
9267,18
5224,18
6668,18
7317,18
7526,18
4681,18
3966,18
8276,18
10071,18
3275,18
7227,18
8371,18
5857,18
7904,18
4679,18
5907,18
10551,18
8508,18
8220,18
1548,18
5364,18
6012,18
7143,18
8931,18
1617,18
10325,18
7515,18
1502,18
7242,18
7540,18
2250,18
189,18
2287,18
5869,18
4988,18
6812,18
10145,18
8836,18
2480,18
7454,18
5868,18
5059,18
4833,18
2905,18
4180,18
2198,18
7711,18
9470,18
8384,18
9488,18
10535,18
7884,18
11193,18
9715,18
483,18
5028,18
684,18
6616,18
4711,18
1650,18
1733,18
8199,18
6439,18
3839,18
9234,18
2718,18
8271,18
4283,18
3841,18
9681,18
8684,18
8580,18
7495,18
1918,18
5524,18
9803,18
9173,18
8534,18
1252,18
11049,18
11066,18
5101,18
10696,17
8454,17
7201,17
8460,17
1009,17
8071,17
6882,17
10003,17
5395,17
7023,17
9128,17
5363,17
2989,17
5230,17
9114,17
4905,17
8382,17
2144,17
4604,17
7786,17
3674,17
8192,17
9925,17
11419,17
8573,17
8226,17
8210,17
10159,17
2003,17
7581,17
5695,17
1014,17
9981,17
3531,17
1904,17
2988,17
9019,17
8709,17
1013,17
4223,17
4390,17
8437,17
10260,17
1052,17
9284,17
11160,17
971,17
5506,17
4042,17
1712,17
8027,17
4629,17
2667,17
5613,17
8410,17
8825,17
6067,17
8863,17
1642,17
8826,17
8570,17
4363,17
9711,17
3529,17
2288,17
8061,17
4094,17
6932,17
9531,17
8451,17
518,17
791,17
8984,17
4150,17
8113,17
9049,17
6166,17
5422,17
9349,17
2886,17
9351,17
10818,17
863,17
7453,17
3307,17
4993,17
8446,17
752,17
1146,17
9926,17
6579,17
8064,17
2223,17
8284,17
4687,17
6088,17
10173,17
8424,17
9218,17
743,17
10265,17
8057,17
7119,17
2015,17
5661,17
8486,17
7680,17
6858,17
8261,17
6351,17
7297,17
7340,17
6142,17
4134,17
4662,17
8363,17
6224,17
3950,17
6505,17
4088,17
8170,17
7051,17
6137,17
10544,17
2004,17
9548,17
3576,17
4541,17
5769,17
2402,17
8435,17
6036,17
2189,17
9393,17
6881,17
7488,17
6055,17
8356,17
10588,17
9889,17
9620,17
10746,17
1604,17
5512,17
6100,17
8453,17
5309,17
8341,17
8033,17
3695,17
6160,17
9293,17
7753,17
1990,17
7447,17
1174,17
9876,17
804,17
9973,17
7358,17
9023,17
1360,17
4935,17
7332,17
9363,17
9998,17
5004,17
7587,17
2248,17
6725,17
4105,17
2069,17
3811,17
3734,17
2964,17
2379,17
6796,17
6624,17
10442,17
2592,17
8971,17
9043,17
4759,17
7054,17
5410,17
6362,17
9884,17
1652,17
7605,17
1998,17
10293,17
8078,17
4128,17
8960,17
4325,17
5719,17
4039,17
7751,17
2960,17
6197,17
9106,17
9511,17
2512,17
9812,17
4213,17
1051,17
6117,17
10047,17
2987,17
5235,17
3777,17
10168,17
6395,17
8899,17
8751,17
10497,17
3190,17
10643,17
6218,17
5493,17
8802,17
8844,17
4746,17
9955,17
8297,17
4765,17
3744,17
6937,17
4400,17
1649,17
8187,17
8048,17
4808,17
3023,17
6566,17
7480,17
5472,17
9645,17
9460,17
1096,17
5413,17
9842,17
5267,17
6956,17
2797,17
10566,17
3625,17
8228,17
545,17
4673,17
7181,16
11004,16
9376,16
6324,16
1240,16
7976,16
8352,16
934,16
7616,16
3380,16
4809,16
3889,16
5322,16
3542,16
2822,16
1699,16
7219,16
1209,16
9232,16
519,16
3124,16
894,16
6294,16
7687,16
8854,16
8245,16
990,16
4119,16
11428,16
1845,16
10629,16
3991,16
1957,16
10679,16
7996,16
9621,16
6578,16
5852,16
8140,16
7071,16
6194,16
10493,16
5908,16
2736,16
9483,16
10556,16
3713,16
10645,16
2616,16
6653,16
7627,16
6393,16
2972,16
9996,16
4108,16
7204,16
4257,16
4015,16
1757,16
6789,16
3245,16
4888,16
10196,16
7117,16
4815,16
9694,16
5058,16
4232,16
4013,16
3291,16
5256,16
7868,16
7391,16
6278,16
3883,16
4635,16
4372,16
7625,16
1075,16
11207,16
4535,16
8767,16
1756,16
9384,16
7431,16
1211,16
940,16
6553,16
415,16
4234,16
7837,16
5788,16
5045,16
9492,16
9903,16
9514,16
6931,16
4136,16
10948,16
5657,16
6196,16
3901,16
8376,16
6463,16
10718,16
10705,16
4036,16
10499,16
7081,16
4310,16
1412,16
1939,16
7195,16
8766,16
9410,16
7824,16
8638,16
8385,16
10432,16
1214,16
5386,16
4853,16
8155,16
7465,16
5934,16
5374,16
7323,16
8146,16
9986,16
5329,16
1544,16
2001,16
8626,16
10658,16
167,16
6019,16
9163,16
3791,16
8122,16
3539,16
8620,16
8190,16
10382,16
2740,16
8406,16
459,16
1032,16
8414,16
4153,16
6361,16
7472,16
6598,16
7595,16
3628,16
9782,16
5684,16
6829,16
7416,16
9151,16
4251,16
5928,16
9513,16
5664,16
6563,16
6610,16
7393,16
3868,16
3055,16
2534,16
4695,16
11086,16
8183,16
9508,16
7019,16
11117,16
6146,16
8419,16
591,16
2061,16
8937,16
3702,16
5860,16
7434,16
2133,16
10314,16
10247,16
2681,16
2791,16
9706,16
6128,16
9198,16
2904,16
1514,16
8520,16
8784,16
9953,16
1862,16
9435,16
7764,16
373,16
2803,16
4683,16
9957,16
611,16
2134,16
9964,16
6720,16
6369,16
579,16
9992,16
8782,16
6127,16
8563,16
10617,16
9298,16
854,16
1281,16
2051,16
8532,16
5611,16
1909,16
6891,16
3668,16
2912,16
7032,16
6754,16
4070,16
9553,16
9796,16
4729,16
8694,16
7708,16
8172,16
8685,16
11083,16
6477,16
8277,16
2926,16
4676,16
7234,16
8026,16
3164,16
2375,16
6233,16
5862,16
7794,16
3660,16
3154,16
8513,16
2652,16
7176,16
8281,16
4829,16
7775,16
9188,16
10223,16
9835,16
10869,16
5199,16
751,16
8790,16
8309,16
594,16
5198,16
2143,16
9065,16
6258,16
5229,16
3692,16
7033,16
7402,15
6360,15
1928,15
3631,15
5297,15
3597,15
3304,15
8204,15
3568,15
9075,15
4386,15
4431,15
10062,15
10415,15
5443,15
7369,15
8906,15
5475,15
1564,15
5003,15
2180,15
7337,15
1994,15
8224,15
5858,15
9700,15
6312,15
2218,15
2892,15
8879,15
8875,15
9929,15
6399,15
7342,15
1524,15
9613,15
6662,15
2950,15
8716,15
779,15
4862,15
5679,15
10063,15
7700,15
3869,15
10207,15
1967,15
6863,15
8518,15
3463,15
10586,15
7517,15
8316,15
8998,15
7028,15
8804,15
5583,15
4785,15
9356,15
3089,15
2283,15
2800,15
8616,15
3829,15
9572,15
6795,15
9286,15
2820,15
8002,15
9316,15
3599,15
8488,15
8965,15
8686,15
3248,15
6389,15
8422,15
6027,15
3227,15
10523,15
9108,15
8657,15
9628,15
6042,15
9282,15
7428,15
1935,15
9538,15
5787,15
778,15
5078,15
1395,15
10392,15
9064,15
8005,15
984,15
5883,15
71,15
11229,15
7064,15
7482,15
8727,15
2461,15
2973,15
628,15
9792,15
725,15
6548,15
8339,15
276,15
5144,15
10100,15
11005,15
7893,15
5521,15
1137,15
10546,15
10641,15
10897,15
4346,15
7831,15
6173,15
8087,15
1425,15
7221,15
10129,15
3988,15
10387,15
310,15
5125,15
8964,15
7443,15
4976,15
5959,15
3619,15
4612,15
5580,15
5377,15
9031,15
3722,15
8038,15
5513,15
7078,15
6200,15
6625,15
5543,15
2,15
6617,15
4516,15
7628,15
9890,15
7889,15
10226,15
9312,15
4680,15
6564,15
7442,15
1418,15
8944,15
10213,15
8876,15
6940,15
4705,15
8334,15
10339,15
9871,15
5388,15
4453,15
1490,15
7633,15
3616,15
6557,15
8989,15
10907,15
6813,15
3445,15
4971,15
4715,15
6686,15
2584,15
10139,15
2022,15
6391,15
9324,15
6819,15
4304,15
4100,15
5794,15
9685,15
104,15
9429,15
1383,15
10012,15
9225,15
8591,15
5816,15
6418,15
321,15
6739,15
9849,15
2317,15
10429,15
7184,15
9034,15
7611,15
7973,15
2543,15
3095,15
2500,15
3337,15
10175,15
8448,15
3091,15
10847,15
11835,15
6776,15
6017,15
3672,15
11142,15
3333,15
6085,15
5247,15
11640,15
1089,15
8996,15
2835,15
6484,15
5246,15
5314,15
5571,15
9252,15
6434,15
1064,15
8726,15
3330,15
7510,15
10944,15
10741,15
10582,15
5579,15
1577,15
10189,15
265,15
10762,15
7644,15
5244,15
447,15
5203,15
7698,15
2089,15
7810,15
2369,15
4668,15
4098,15
6410,15
3842,15
10784,15
6231,15
5157,15
10240,15
4186,15
8138,15
9808,15
3669,15
5160,15
3039,15
2647,15
6480,15
2327,15
9093,15
8065,15
8013,15
9945,15
1572,15
9045,15
9450,15
5057,15
6657,15
1618,15
8710,15
9300,14
10407,14
2941,14
6677,14
2281,14
8758,14
10661,14
2408,14
11418,14
6125,14
10257,14
7043,14
6230,14
2956,14
5587,14
7299,14
3409,14
8785,14
1039,14
397,14
6924,14
9097,14
2445,14
4768,14
7615,14
8545,14
7475,14
6821,14
1571,14
8682,14
101,14
5890,14
9196,14
8133,14
3278,14
1930,14
10111,14
871,14
9767,14
7968,14
463,14
10698,14
7359,14
8395,14
4080,14
5127,14
9855,14
9144,14
9102,14
10884,14
5055,14
208,14
9216,14
10737,14
5639,14
7481,14
10504,14
8291,14
2046,14
5025,14
7781,14
9287,14
3431,14
5658,14
7652,14
6018,14
3144,14
10494,14
8067,14
9080,14
11280,14
10480,14
8938,14
7426,14
5823,14
9633,14
7566,14
10616,14
9115,14
9874,14
8772,14
5824,14
8850,14
6394,14
5996,14
4347,14
9362,14
10871,14
11667,14
1430,14
11127,14
3735,14
4089,14
10033,14
8902,14
11350,14
522,14
8646,14
11797,14
450,14
5892,14
2457,14
10013,14
6256,14
7958,14
10838,14
10604,14
8308,14
7193,14
5173,14
6868,14
4752,14
9463,14
3185,14
9558,14
7360,14
7538,14
8848,14
10813,14
9793,14
7399,14
3286,14
7104,14
1251,14
4317,14
8017,14
5703,14
9365,14
3364,14
9067,14
5345,14
3476,14
10324,14
4721,14
9321,14
6775,14
7661,14
9731,14
10606,14
5022,14
11205,14
7197,14
1989,14
8141,14
6629,14
3103,14
6407,14
1262,14
2942,14
5718,14
7807,14
3189,14
10806,14
6285,14
3231,14
10573,14
7356,14
2771,14
5775,14
6905,14
8077,14
6980,14
7528,14
7832,14
10288,14
10032,14
4930,14
10779,14
9576,14
1794,14
4636,14
10531,14
6685,14
2925,14
3483,14
8423,14
8924,14
1599,14
8456,14
9886,14
8743,14
4249,14
4493,14
9201,14
8131,14
5993,14
4337,14
424,14
2477,14
11470,14
4981,14
7390,14
3420,14
6498,14
10676,14
4531,14
9968,14
7630,14
6319,14
5696,14
9673,14
7284,14
4864,14
2301,14
6642,14
2364,14
9086,14
7435,14
5979,14
9263,14
1147,14
2268,14
6121,14
10166,14
5987,14
9519,14
5620,14
1889,14
3936,14
10165,14
6461,14
8574,14
6623,14
9573,14
513,14
683,14
6836,14
9060,14
1302,14
6606,14
76,14
9861,14
3422,14
5649,14
7401,14
3513,14
1463,14
6947,14
8797,14
6005,14
9755,14
687,14
9001,14
6920,14
10154,14
6346,14
6843,14
4384,14
7300,14
9768,14
1554,14
429,14
9712,14
10503,14
4159,14
7967,14
8292,14
7771,14
7812,14
1100,14
2425,14
6074,14
9189,14
5295,14
9736,14
10441,14
9247,14
6276,14
8624,14
1659,14
5134,14
6752,14
6430,14
3900,14
3297,14
7166,14
8936,14
5976,14
10729,14
2650,14
3916,14
7903,14
7502,14
9137,14
170,14
10157,14
9285,14
7256,14
3392,14
6699,14
8295,14
9003,14
43,14
5815,14
9033,14
10959,14
10310,14
2907,14
5965,14
2280,14
7151,14
47,14
10285,14
3593,14
8162,14
7769,14
8118,14
8711,14
7000,14
8582,14
11189,13
4179,13
7874,13
6838,13
5332,13
9373,13
6771,13
11698,13
7366,13
8241,13
11072,13
7957,13
1388,13
5784,13
10945,13
10692,13
6487,13
9451,13
10216,13
8640,13
3935,13
6190,13
1303,13
8272,13
5724,13
10465,13
10449,13
3167,13
7977,13
6061,13
212,13
7577,13
5196,13
11423,13
4625,13
7795,13
9562,13
3218,13
7279,13
9651,13
6551,13
7603,13
9396,13
7345,13
7990,13
9040,13
7829,13
8024,13
6695,13
7206,13
7788,13
4177,13
7532,13
9235,13
10423,13
9670,13
4308,13
4375,13
10192,13
10326,13
6222,13
7477,13
10899,13
8536,13
9105,13
10568,13
3951,13
917,13
2296,13
4019,13
6576,13
1941,13
7602,13
10951,13
3587,13
6292,13
4032,13
7534,13
10419,13
6981,13
3580,13
10448,13
7951,13
10347,13
4204,13
1204,13
7092,13
253,13
9116,13
5018,13
5166,13
6066,13
1739,13
6337,13
6854,13
5618,13
6966,13
2075,13
3581,13
5782,13
6870,13
11543,13
9817,13
4778,13
1614,13
8892,13
6255,13
6706,13
3755,13
8501,13
5542,13
3025,13
9004,13
11264,13
9411,13
2239,13
8916,13
7196,13
6310,13
4147,13
5398,13
6079,13
7189,13
677,13
5586,13
9500,13
11425,13
9127,13
3816,13
4437,13
103,13
4197,13
9756,13
3887,13
10082,13
5126,13
6986,13
8639,13
6098,13
9044,13
8096,13
4793,13
10085,13
1511,13
2062,13
1981,13
2219,13
8429,13
4948,13
9722,13
169,13
9550,13
5802,13
5566,13
7699,13
3261,13
9961,13
3820,13
6596,13
5866,13
7103,13
4878,13
3147,13
10781,13
6408,13
7677,13
2554,13
4588,13
10502,13
10797,13
9780,13
1609,13
9155,13
3633,13
357,13
5646,13
1890,13
1866,13
8941,13
9389,13
7373,13
9515,13
6826,13
9674,13
9894,13
329,13
5939,13
10437,13
6144,13
6898,13
10051,13
1453,13
4305,13
9506,13
6249,13
9820,13
4140,13
10996,13
4356,13
6960,13
8949,13
1254,13
9882,13
5722,13
7703,13
3884,13
4682,13
10393,13
6468,13
2823,13
5570,13
2125,13
8166,13
6384,13
9307,13
9175,13
8175,13
11461,13
4766,13
3104,13
5582,13
2410,13
5278,13
6455,13
6044,13
8898,13
11521,13
9658,13
4458,13
3308,13
8194,13
6251,13
7613,13
10060,13
9555,13
7689,13
6242,13
8098,13
6051,13
5104,13
1582,13
9315,13
1284,13
7251,13
7473,13
2278,13
10829,13
10018,13
9420,13
6192,13
7855,13
8450,13
953,13
6442,13
8948,13
9161,13
6099,13
9035,13
5038,13
7779,13
4154,13
6663,13
10084,13
3775,13
1260,13
929,13
3081,13
6901,13
6976,13
1270,13
9029,13
8841,13
11397,13
9190,13
8408,13
2429,13
4828,13
3826,13
8007,13
4751,13
4470,13
570,13
7436,13
7670,13
4987,13
9343,13
4423,13
7546,13
6715,13
8198,13
8764,13
11288,13
8679,13
2065,13
4929,13
2442,13
576,13
3136,13
7690,13
7650,13
8688,13
8969,13
8824,13
10817,13
9274,13
8457,13
11148,13
7537,13
10725,13
8846,13
7543,13
8510,13
9457,13
5592,13
8583,13
7897,13
8319,13
3720,13
7899,13
10460,13
10041,13
3101,13
4222,13
9532,13
10297,13
7892,13
2696,13
3612,13
6364,13
9485,13
7425,13
6010,13
5407,13
8312,13
9969,13
7310,13
4215,13
5599,13
6431,13
8691,13
4473,13
4835,13
4067,13
5432,13
10008,13
5151,13
9087,13
5510,13
9693,13
10567,13
10962,13
5085,13
2882,13
11120,13
7490,13
1170,13
7713,13
6721,13
9022,13
3141,13
7694,13
11021,13
376,13
8217,13
9987,13
7288,13
9079,13
9863,13
7593,12
6241,12
9539,12
5260,12
9118,12
4378,12
10877,12
4644,12
2101,12
1878,12
8386,12
4059,12
1167,12
10610,12
7280,12
5790,12
2389,12
6260,12
7410,12
10787,12
8878,12
4893,12
9259,12
9084,12
9686,12
11692,12
5216,12
2806,12
4925,12
7765,12
11488,12
8066,12
9547,12
1606,12
4051,12
11121,12
6700,12
6275,12
8747,12
682,12
7035,12
6814,12
11547,12
4292,12
11625,12
8689,12
6056,12
4281,12
2043,12
11506,12
4969,12
4707,12
4542,12
8293,12
9245,12
8905,12
6955,12
1678,12
1235,12
6041,12
3077,12
5156,12
4350,12
10180,12
10152,12
10479,12
9445,12
4114,12
3276,12
5909,12
3316,12
6371,12
7364,12
10852,12
3662,12
5351,12
2817,12
10440,12
8034,12
1311,12
10462,12
10199,12
1501,12
8748,12
4718,12
7156,12
4749,12
8569,12
7108,12
4783,12
2836,12
5082,12
5839,12
3854,12
11248,12
8012,12
3265,12
8351,12
5753,12
6772,12
10654,12
6212,12
9869,12
159,12
4030,12
10316,12
8922,12
7304,12
9893,12
4000,12
11424,12
5075,12
11451,12
1566,12
8156,12
6428,12
10081,12
7191,12
10663,12
8000,12
10490,12
7780,12
6107,12
3583,12
8289,12
10404,12
4370,12
7459,12
6340,12
6742,12
7555,12
10463,12
8329,12
5383,12
4260,12
7074,12
10006,12
10581,12
9255,12
6648,12
7755,12
3969,12
10150,12
7891,12
7744,12
10452,12
10657,12
9352,12
7055,12
6530,12
10427,12
8634,12
4494,12
9895,12
8479,12
5595,12
10864,12
8584,12
6867,12
3156,12
7386,12
8154,12
4196,12
10674,12
5914,12
9059,12
5798,12
9740,12
2688,12
7686,12
9329,12
7635,12
1091,12
9732,12
8039,12
2208,12
7954,12
5000,12
6936,12
7018,12
10220,12
3886,12
6300,12
11133,12
7665,12
8256,12
5384,12
10298,12
7915,12
1959,12
7925,12
7068,12
8807,12
8330,12
3586,12
6649,12
7797,12
7736,12
425,12
455,12
6215,12
7397,12
3804,12
11603,12
11372,12
9900,12
9762,12
8759,12
2316,12
8702,12
3145,12
2811,12
1487,12
8377,12
1575,12
9124,12
8670,12
5680,12
4377,12
9380,12
872,12
7900,12
5643,12
6874,12
1304,12
11140,12
6050,12
9486,12
5954,12
10575,12
2759,12
6503,12
7160,12
10092,12
9292,12
9912,12
8651,12
7972,12
8092,12
8612,12
9178,12
191,12
8165,12
8722,12
416,12
6968,12
7406,12
8548,12
4551,12
11100,12
4978,12
7696,12
8467,12
8744,12
9195,12
6698,12
9537,12
4846,12
8397,12
8176,12
11777,12
4758,12
6386,12
6839,12
9334,12
10212,12
6587,12
7063,12
7466,12
4084,12
10011,12
10761,12
7319,12
3729,12
5046,12
4794,12
4795,12
9107,12
6992,12
9414,12
7163,12
11157,12
3342,12
6888,12
6108,12
1068,12
8721,12
7315,12
10957,12
3287,12
8417,12
8209,12
7105,12
6209,12
11527,12
6433,12
10488,12
9077,12
11115,12
2581,12
4894,12
3222,12
2640,12
11770,12
8266,12
3439,12
8242,12
7859,12
10021,12
5129,12
6357,12
2285,12
9239,12
4958,12
5496,12
3058,12
6832,12
2270,12
6806,12
8903,12
7894,12
9502,12
3677,12
1402,12
9696,12
8792,12
5847,12
9404,12
10451,12
1203,12
3301,12
9980,12
9261,12
9249,12
9361,12
9159,12
9007,12
6513,12
1601,12
9338,12
11588,12
3347,12
6952,12
6342,12
7789,12
5964,12
5268,12
857,12
5245,12
2819,12
7171,12
7879,12
10058,12
10001,12
7720,12
9716,12
1902,12
9276,12
291,12
5977,12
7486,12
7636,12
2079,12
8566,12
5505,12
10775,12
6491,12
10069,12
11389,12
8719,12
6265,12
7167,12
8464,12
1024,12
8249,12
7001,12
10222,12
9523,12
9858,12
2594,12
1679,12
7660,12
11651,12
10024,12
8069,12
8401,12
4369,12
5927,12
5062,12
9152,12
4781,12
9394,12
3864,12
2693,12
10908,12
1066,12
7237,12
10370,12
8159,12
6479,12
11338,12
8076,12
2426,12
5275,12
3875,12
1977,12
8745,12
10589,12
7579,12
10799,12
3543,12
5686,12
9565,12
6068,12
6626,12
9240,12
6688,12
3038,12
8976,12
6593,12
6509,12
2571,12
10623,12
5459,12
4622,12
10653,12
11452,12
6524,12
9512,12
2486,12
8769,12
4595,12
4879,12
2162,12
10358,12
3614,12
10571,12
4329,12
7735,12
11415,12
4792,12
10329,11
11722,11
4728,11
6333,11
3376,11
3173,11
8441,11
8409,11
11558,11
8178,11
221,11
1718,11
810,11
5809,11
9541,11
11105,11
10770,11
9058,11
11617,11
7269,11
10828,11
7199,11
4212,11
6152,11
1073,11
6730,11
5796,11
6543,11
3120,11
7370,11
3553,11
8426,11
5813,11
59,11
8203,11
8370,11
4967,11
11829,11
6488,11
9607,11
8665,11
10046,11
770,11
10965,11
6232,11
5239,11
7647,11
933,11
10200,11
9359,11
9615,11
9825,11
6221,11
11649,11
8660,11
6822,11
8609,11
5303,11
2038,11
574,11
7014,11
5375,11
9809,11
8882,11
2291,11
5320,11
1277,11
7290,11
8164,11
10798,11
7870,11
9166,11
6684,11
7721,11
8757,11
10250,11
5106,11
9341,11
4434,11
10459,11
10956,11
5558,11
5896,11
5598,11
7348,11
6502,11
1584,11
8847,11
8506,11
8132,11
5808,11
9089,11
5550,11
10529,11
6872,11
9140,11
9461,11
6272,11
8531,11
3395,11
5002,11
10921,11
11355,11
1118,11
5730,11
749,11
9495,11
5474,11
7439,11
7773,11
11122,11
7266,11
2544,11
4556,11
4397,11
8491,11
10955,11
11439,11
4899,11
10073,11
5800,11
1851,11
10331,11
9935,11
10414,11
9714,11
10443,11
9983,11
10553,11
5983,11
5819,11
7211,11
5141,11
9193,11
9898,11
7384,11
7500,11
10687,11
1454,11
5152,11
1547,11
9928,11
7487,11
8933,11
6573,11
9291,11
3914,11
10923,11
3247,11
9257,11
9386,11
10485,11
7809,11
11029,11
8840,11
8997,11
10296,11
2381,11
9994,11
10028,11
5709,11
9918,11
11711,11
8579,11
5849,11
4399,11
4949,11
4396,11
9859,11
11650,11
3759,11
6266,11
10540,11
2013,11
7207,11
32,11
1212,11
4830,11
3170,11
9400,11
8741,11
3763,11
6009,11
7980,11
11343,11
3360,11
6793,11
9279,11
10476,11
9759,11
9438,11
5372,11
5855,11
7692,11
11566,11
9345,11
8562,11
7076,11
7742,11
7088,11
10756,11
8775,11
10785,11
6135,11
6315,11
8032,11
9831,11
4146,11
7421,11
9967,11
7302,11
9575,11
7601,11
10630,11
8326,11
6627,11
8267,11
7371,11
8632,11
7850,11
8053,11
5634,11
9197,11
7624,11
10054,11
2068,11
3918,11
10052,11
5355,11
3578,11
6220,11
11188,11
8622,11
7188,11
3915,11
4574,11
7400,11
6973,11
7509,11
6187,11
6833,11
4549,11
7541,11
3306,11
4523,11
10681,11
8920,11
6750,11
11038,11
4779,11
10924,11
21,11
4596,11
7584,11
9476,11
10372,11
2428,11
11629,11
8477,11
7962,11
8683,11
7836,11
9883,11
8891,11
7835,11
10800,11
8180,11
10511,11
1301,11
4244,11
8958,11
10518,11
9371,11
2242,11
9753,11
6139,11
10547,11
6769,11
2889,11
4035,11
2675,11
8006,11
6373,11
6253,11
1645,11
6815,11
8662,11
10757,11
10249,11
5117,11
7417,11
10632,11
9046,11
10246,11
8221,11
5100,11
9219,11
2665,11
6542,11
5626,11
8712,11
5706,11
7955,11
3696,11
9415,11
11730,11
4086,11
11118,11
6214,11
3339,11
9440,11
6554,11
5632,11
672,11
10396,11
8718,11
3485,11
3781,11
5821,11
10289,11
6849,11
4426,11
7158,11
1589,11
10360,11
9220,11
7911,11
6804,11
7617,11
1616,11
4252,11
5431,11
5568,11
10300,11
2008,11
5092,11
5425,11
6339,11
6037,11
9881,11
10763,11
10351,11
362,11
3910,11
5681,11
7326,11
3284,11
6541,11
5750,11
8601,11
1936,11
6421,11
3093,11
11747,11
7573,11
7133,11
7583,11
1176,11
8663,11
595,11
10874,11
3872,11
9355,11
10550,11
10379,11
9552,11
7533,11
3925,11
8641,11
7309,11
11669,11
10386,11
1661,11
6475,11
10242,11
9213,11
1758,11
2417,11
1863,11
7823,11
11131,11
11775,11
9985,11
7916,11
8823,11
10572,11
5891,11
11569,11
9520,11
4512,11
4307,11
7238,11
3922,11
7576,11
1643,11
7225,11
11572,11
3046,11
8081,11
10662,11
2687,11
7357,11
7239,11
4462,11
8667,11
9707,11
312,11
6845,11
6907,11
8739,11
9844,11
11068,11
6808,11
10717,11
5536,11
6964,11
10301,11
4806,11
6770,11
3381,11
2970,11
10450,11
9832,11
6400,11
4326,11
6029,11
5826,11
2814,11
5283,11
3686,11
1272,11
6170,11
10973,11
10433,11
5942,11
794,11
3687,11
6628,11
10790,11
9431,11
4066,11
8553,11
7643,11
4581,11
1433,11
3822,11
1050,11
5441,11
9629,11
5281,11
4950,11
9366,11
9571,11
11537,11
3184,11
9237,11
3434,11
6917,11
10754,11
9346,10
578,10
268,10
9807,10
9611,10
632,10
8222,10
9256,10
9536,10
7631,10
5457,10
10577,10
9009,10
2439,10
46,10
10153,10
6655,10
6089,10
5120,10
11577,10
9595,10
5961,10
4594,10
9149,10
7718,10
1855,10
3036,10
11259,10
8908,10
11247,10
3655,10
10859,10
4591,10
10734,10
8538,10
8619,10
9733,10
2384,10
10089,10
3318,10
10600,10
8152,10
8567,10
4627,10
8233,10
10767,10
4583,10
3893,10
10389,10
9387,10
5531,10
10256,10
7259,10
5396,10
9131,10
6607,10
9747,10
9993,10
5846,10
4463,10
6316,10
7618,10
10123,10
11164,10
11513,10
5627,10
7110,10
8108,10
7091,10
4207,10
5252,10
7301,10
6911,10
8794,10
9288,10
10284,10
11217,10
10701,10
9208,10
7470,10
9787,10
11542,10
7740,10
6206,10
3264,10
4419,10
5622,10
11655,10
8298,10
6735,10
9720,10
8673,10
9642,10
7423,10
7727,10
11587,10
7597,10
2990,10
9997,10
10819,10
11356,10
9333,10
10514,10
184,10
6895,10
7424,10
7258,10
9082,10
9748,10
3766,10
10570,10
6343,10
3525,10
11440,10
3053,10
1205,10
10802,10
10721,10
3960,10
3554,10
10513,10
3624,10
10112,10
10929,10
9671,10
4922,10
7002,10
2596,10
7095,10
11013,10
7494,10
9648,10
4953,10
3509,10
10613,10
8243,10
9053,10
9517,10
6440,10
6654,10
11256,10
3474,10
9246,10
11570,10
9677,10
1206,10
8565,10
11201,10
10015,10
5139,10
7732,10
10077,10
10035,10
5971,10
10591,10
10528,10
10418,10
9752,10
9960,10
4277,10
9977,10
6002,10
10881,10
8990,10
6157,10
9493,10
4732,10
10161,10
3419,10
1625,10
9664,10
7966,10
4998,10
8160,10
10456,10
8318,10
3085,10
9933,10
8442,10
8485,10
5894,10
3565,10
8914,10
8044,10
3293,10
3598,10
5811,10
4323,10
5321,10
6191,10
10053,10
9305,10
7440,10
8445,10
7006,10
10958,10
8514,10
1390,10
9455,10
10584,10
10281,10
8212,10
3919,10
3523,10
6528,10
10483,10
9561,10
7828,10
6268,10
5201,10
10005,10
10374,10
6834,10
3094,10
11864,10
8885,10
4654,10
9047,10
9322,10
9494,10
11824,10
7518,10
7346,10
7277,10
6784,10
9676,10
6038,10
11059,10
11190,10
8135,10
7210,10
8740,10
3860,10
8647,10
7881,10
5882,10
11727,10
11278,10
7856,10
5500,10
11296,10
8260,10
1988,10
3266,10
11336,10
9802,10
9176,10
10110,10
9010,10
6114,10
10307,10
10508,10
5946,10
10232,10
10501,10
7805,10
9910,10
7638,10
9560,10
10195,10
4065,10
3557,10
9304,10
2199,10
4461,10
10359,10
6226,10
3618,10
10354,10
9174,10
7649,10
1876,10
3288,10
5492,10
6634,10
11499,10
11017,10
9995,10
10204,10
3415,10
8473,10
6014,10
8365,10
10912,10
7122,10
4121,10
5532,10
10993,10
11519,10
7542,10
217,10
8171,10
7717,10
9605,10
10554,10
9698,10
10121,10
11181,10
11326,10
5290,10
10138,10
7833,10
8699,10
7190,10
9830,10
222,10
7777,10
3137,10
2376,10
11032,10
11605,10
6059,10
9942,10
9625,10
11632,10
6096,10
2403,10
354,10
4394,10
11767,10
10693,10
7994,10
9466,10
3469,10
10495,10
4854,10
3427,10
1897,10
11303,10
6890,10
5035,10
3024,10
10988,10
7672,10
6219,10
7511,10
9418,10
7818,10
1419,10
10016,10
516,10
9221,10
5177,10
2979,10
4336,10
11239,10
5670,10
11732,10
9568,10
10302,10
8101,10
5026,10
9222,10
8355,10
6353,10
4573,10
10894,10
8926,10
7457,10
11006,10
7331,10
3429,10
8273,10
8433,10
5426,10
5962,10
10475,10
10660,10
4199,10
2067,10
7295,10
4293,10
8703,10
9214,10
4413,10
2385,10
8812,10
9268,10
10815,10
2465,10
5707,10
8907,10
8036,10
9609,10
3817,10
7561,10
10559,10
11476,10
4614,10
10690,10
6053,10
7378,10
9841,10
9358,10
7498,10
10007,10
7100,10
8557,10
7130,10
1574,10
5985,10
11554,10
6820,10
1653,10
3592,10
9123,10
10682,10
9092,10
5080,10
8208,10
6682,10
10083,10
8003,10
10337,10
8288,10
842,10
5644,10
4332,10
6756,10
10177,10
10408,10
2042,10
10809,10
10436,10
7642,10
1978,10
3465,10
8360,10
10609,10
10649,10
8803,10
353,10
9482,10
11490,10
11149,10
7905,10
3911,10
4181,10
10059,10
10804,10
7707,10
8856,10
4693,10
7228,10
10833,10
668,10
3138,10
11143,10
3209,10
10122,10
10273,10
5294,10
9472,10
9205,10
5605,10
9896,10
2957,10
3558,10
7712,10
4892,10
3387,10
4227,10
3780,10
7175,10
8871,10
2697,10
8890,10
7875,10
8525,10
10893,10
6664,10
6757,10
8088,10
8430,10
5906,10
10631,10
8111,10
7374,10
4937,10
11129,10
11755,10
2025,10
8808,10
7864,10
8746,10
11530,10
4621,10
9760,10
3516,10
3060,10
5074,10
4218,10
9888,10
7123,10
6450,10
4201,10
6918,10
11847,10
8072,10
9646,10
9838,10
5850,10
2351,10
10234,10
9742,10
11195,10
4837,10
7529,10
10520,10
5365,10
9183,10
7748,10
10538,10
9919,10
9326,10
9254,10
9456,10
8581,10
11536,10
10322,10
11438,10
8219,10
1651,10
11234,10
10727,10
10862,10
11274,10
8816,10
10185,10
11454,10
5033,10
9368,10
2764,10
7236,10
10124,10
9624,10
7522,10
11134,10
9789,10
8788,10
11761,10
11417,10
8819,10
3680,10
7933,9
9496,9
11715,9
9920,9
9978,9
10714,9
2593,9
6081,9
8889,9
11344,9
2685,9
8909,9
2135,9
9194,9
1102,9
9402,9
5572,9
7245,9
10731,9
6781,9
9309,9
10786,9
9290,9
4628,9
2821,9
4955,9
6141,9
5853,9
3772,9
11243,9
10183,9
6989,9
10119,9
10715,9
10879,9
2828,9
3664,9
8666,9
8978,9
10700,9
1725,9
10169,9
8837,9
9546,9
9860,9
1478,9
9821,9
5762,9
6850,9
9691,9
6993,9
4107,9
11273,9
9433,9
10578,9
8713,9
9669,9
9409,9
8275,9
9962,9
7294,9
11130,9
6520,9
9407,9
6603,9
10872,9
5948,9
9593,9
10375,9
9156,9
125,9
4358,9
11601,9
4387,9
789,9
1107,9
11045,9
3620,9
4991,9
7164,9
4575,9
7041,9
11128,9
11739,9
11565,9
11258,9
6072,9
8121,9
11043,9
6743,9
10179,9
8955,9
11089,9
10430,9
3292,9
7619,9
1875,9
8196,9
5367,9
9921,9
7292,9
8982,9
2305,9
8466,9
5717,9
7979,9
7203,9
10067,9
10541,9
1088,9
6595,9
9814,9
3345,9
6853,9
5629,9
643,9
8839,9
3517,9
10438,9
11301,9
10810,9
5822,9
4640,9
5968,9
8158,9
1871,9
8379,9
10426,9
8923,9
2388,9
7099,9
8127,9
5669,9
6397,9
11297,9
7716,9
11348,9
9095,9
5756,9
2318,9
1008,9
8643,9
6335,9
4079,9
6341,9
6175,9
8236,9
6738,9
8742,9
10171,9
9504,9
10515,9
2129,9
4548,9
11016,9
5466,9
10064,9
5871,9
1624,9
10106,9
830,9
8056,9
7507,9
8749,9
9848,9
7491,9
7253,9
6996,9
6203,9
4440,9
8100,9
3269,9
9865,9
7799,9
11162,9
10780,9
7580,9
6609,9
1266,9
10455,9
6424,9
5660,9
10524,9
8055,9
10917,9
7075,9
9892,9
11319,9
9270,9
5368,9
9014,9
6262,9
11618,9
7842,9
4171,9
1953,9
11071,9
5624,9
10608,9
10919,9
10650,9
8347,9
10394,9
8302,9
10467,9
10545,9
10237,9
7839,9
8041,9
10710,9
11631,9
4836,9
9070,9
4968,9
9072,9
4712,9
3795,9
10137,9
4401,9
11491,9
8042,9
9328,9
6900,9
7216,9
9581,9
9015,9
7530,9
9325,9
9754,9
4236,9
9069,9
584,9
7073,9
6866,9
7673,9
5734,9
2257,9
2793,9
10848,9
10750,9
8255,9
11271,9
10187,9
7762,9
10471,9
8940,9
7430,9
6536,9
5581,9
6132,9
10773,9
6904,9
10061,9
4665,9
2810,9
10776,9
11361,9
7015,9
10849,9
6707,9
7458,9
7659,9
9379,9
6985,9
1353,9
10477,9
8661,9
11060,9
9437,9
10708,9
7311,9
9187,9
9781,9
8097,9
6560,9
9982,9
675,9
10918,9
2306,9
10522,9
2213,9
8864,9
5402,9
4915,9
1808,9
5030,9
8546,9
1811,9
9790,9
4087,9
6025,9
7847,9
8103,9
11340,9
10709,9
11078,9
1422,9
3471,9
8559,9
11581,9
8734,9
10101,9
10896,9
8849,9
7276,9
9109,9
7020,9
7058,9
7931,9
1173,9
6413,9
3908,9
6764,9
10602,9
1647,9
10615,9
8045,9
6290,9
8822,9
8258,9
11800,9
7382,9
1680,9
11383,9
10998,9
10044,9
9765,9
981,9
2196,9
9845,9
11410,9
4582,9
11266,9
9878,9
10134,9
7476,9
5264,9
10902,9
7056,9
11039,9
6375,9
10903,9
9959,9
7568,9
8821,9
9212,9
9020,9
8928,9
10977,9
10135,9
4246,9
6470,9
8707,9
8564,9
11517,9
11409,9
9616,9
11665,9
3652,9
1011,9
11371,9
10464,9
9866,9
9180,9
9867,9
8862,9
11025,9
7564,9
6359,9
9021,9
11807,9
11329,9
8089,9
10142,9
11548,9
5403,9
11023,9
11073,9
9776,9
8515,9
6727,9
10095,9
7320,9
9687,9
583,9
9008,9
9327,9
4068,9
2205,9
7376,9
3026,9
8815,9
7820,9
5998,9
7021,9
3225,9
7572,9
9265,9
9846,9
6374,9
5010,9
4314,9
6169,9
11028,9
6363,9
10960,9
10901,9
10603,9
5446,9
10726,9
11772,9
3320,9
8695,9
7946,9
9475,9
1817,9
8349,9
10742,9
8809,9
8668,9
9936,9
9885,9
7493,9
4248,9
7241,9
9684,9
7813,9
10457,9
9596,9
3601,9
8648,9
9643,9
3819,9
5468,9
7557,9
7444,9
10740,9
6749,9
8392,9
10191,9
9090,9
10597,9
4910,9
10420,9
11044,9
10713,9
3676,9
9679,9
10765,9
11064,9
4219,9
10371,9
7262,9
7503,9
10536,9
11012,9
3802,9
9710,9
6830,9
11176,9
4303,9
5096,9
5725,9
10772,9
7982,9
11047,9
9091,9
5593,9
10313,9
5326,9
3372,9
9202,9
11257,9
11098,9
5608,9
3503,9
4701,9
8795,9
2807,9
10980,9
6223,9
6492,9
7959,9
10990,9
10056,9
7656,9
5711,9
7187,9
11241,9
10928,9
9944,9
4791,9
2996,9
4552,9
10447,9
3675,9
10516,9
9600,9
7047,9
3309,9
10931,9
11103,9
10555,9
11768,9
11443,9
6535,9
7626,9
4952,9
1264,9
11253,9
7139,9
2639,9
7863,9
10299,9
11015,9
7607,9
10328,9
1835,9
8265,9
11026,9
11529,9
7857,9
8521,9
9601,9
10422,9
9785,9
10841,9
8723,9
6495,9
7960,9
8368,9
9545,9
7998,9
9055,9
11215,9
5951,9
555,9
5243,9
6923,9
6420,9
10744,9
11008,9
9965,9
10892,9
9295,9
8153,9
5520,9
731,9
10279,9
10510,9
11065,9
10026,9
2216,9
10156,9
3862,9
8107,9
6975,9
10381,9
9727,9
4161,9
9317,9
6283,9
11307,9
10412,9
10086,9
11661,9
6377,9
8440,9
7009,9
5145,9
11838,9
5625,9
7563,9
9950,9
5440,9
7886,9
1416,9
5258,9
843,9
11634,9
8366,9
8877,9
11818,9
4169,9
9132,9
2017,9
9750,9
5336,9
48,9
6701,9
10639,9
9644,9
8967,9
8052,9
6538,9
4812,9
8105,9
10920,9
6427,9
7496,9
6122,9
8650,9
7658,9
1486,9
10669,9
4265,9
10318,9
1017,8
8168,8
5889,8
8957,8
6093,8
735,8
10492,8
5110,8
10227,8
11471,8
10688,8
7907,8
10473,8
8701,8
4069,8
10188,8
11525,8
3602,8
11211,8
11287,8
4823,8
11270,8
9922,8
6355,8
10733,8
11216,8
6650,8
9971,8
7126,8
10759,8
8452,8
5610,8
9444,8
4061,8
7623,8
9184,8
6672,8
5870,8
6091,8
7125,8
9704,8
2779,8
1476,8
9207,8
1742,8
10194,8
9708,8
5614,8
10263,8
5067,8
10215,8
10233,8
5617,8
5318,8
5628,8
9209,8
10193,8
9717,8
3828,8
6876,8
8150,8
6857,8
10703,8
8402,8
9939,8
8654,8
11260,8
9749,8
10769,8
11254,8
10992,8
223,8
5602,8
9719,8
7641,8
10963,8
2304,8
9979,8
10981,8
8398,8
9192,8
8655,8
4327,8
11483,8
8642,8
9430,8
9449,8
11479,8
10262,8
8432,8
9702,8
3032,8
11459,8
6652,8
11735,8
478,8
8675,8
11492,8
9160,8
3548,8
9948,8
6884,8
8134,8
1269,8
6894,8
8177,8
5650,8
6633,8
9454,8
10691,8
1019,8
11511,8
11203,8
7409,8
5573,8
11227,8
10994,8
11255,8
7154,8
8413,8
9477,8
6372,8
9923,8
11796,8
10000,8
7149,8
3063,8
7161,8
8420,8
1250,8
10197,8
10751,8
7128,8
11251,8
2555,8
7165,8
11024,8
7389,8
2303,8
4577,8
10743,8
5867,8
2271,8
8911,8
10512,8
9701,8
4569,8
11232,8
8163,8
10738,8
7895,8
6630,8
9423,8
10210,8
11514,8
10702,8
10482,8
11202,8
9946,8
8434,8
2284,8
10720,8
9467,8
8399,8
1280,8
8439,8
3294,8
7388,8
8677,8
10999,8
11485,8
6632,8
10209,8
5841,8
5338,8
4631,8
11769,8
10736,8
1786,8
6908,8
11726,8
9943,8
7671,8
10995,8
7131,8
10221,8
7654,8
8147,8
6368,8
9699,8
4091,8
8213,8
9182,8
6182,8
11457,8
10350,8
1700,8
11354,8
10075,8
9632,8
7335,8
7451,8
7011,8
11549,8
9499,8
10340,8
3490,8
3424,8
11174,8
7072,8
10406,8
5149,8
2210,8
10599,8
11290,8
10766,8
8539,8
10330,8
8975,8
9048,8
2081,8
11427,8
9816,8
5726,8
5982,8
6494,8
10840,8
8610,8
10074,8
10403,8
5471,8
7846,8
8282,8
6493,8
11680,8
9306,8
9121,8
5792,8
10855,8
11623,8
5276,8
9827,8
5733,8
10861,8
1950,8
9068,8
9836,8
10348,8
8813,8
10093,8
10010,8
11036,8
10651,8
8706,8
6301,8
8346,8
7273,8
1437,8
3484,8
11874,8
8037,8
9126,8
11104,8
5728,8
6561,8
7776,8
11878,8
9637,8
9056,8
7271,8
10778,8
287,8
9826,8
9313,8
1125,8
7945,8
10148,8
7013,8
7948,8
11685,8
11429,8
4446,8
8280,8
10079,8
9556,8
4941,8
9129,8
10664,8
4271,8
8968,8
6062,8
5458,8
7599,8
10276,8
8778,8
9640,8
11433,8
8278,8
7971,8
11095,8
7249,8
2221,8
10070,8
11688,8
10315,8
8016,8
11598,8
10319,8
6473,8
431,8
7695,8
10410,8
10830,8
11947,8
5449,8
7202,8
3756,8
8008,8
11337,8
8874,8
10788,8
4943,8
8362,8
9801,8
7758,8
9815,8
9135,8
11102,8
11101,8
8732,8
6235,8
10333,8
6827,8
6747,8
6939,8
10147,8
7844,8
3417,8
9299,8
9635,8
4443,8
11426,8
10844,8
8542,8
9103,8
7257,8
10078,8
7252,8
11346,8
9296,8
8786,8
5206,8
11557,8
7767,8
8023,8
10670,8
8367,8
7849,8
8274,8
9390,8
11180,8
11183,8
9042,8
11091,8
10927,8
6825,8
11347,8
10066,8
7338,8
10094,8
9242,8
943,8
7272,8
10391,8
7804,8
8324,8
6787,8
4994,8
5898,8
11653,8
10261,8
7691,8
7042,8
5507,8
8597,8
10132,8
7553,8
3715,8
9364,8
11522,8
2178,8
6547,8
8827,8
10252,8
10362,8
5758,8
9598,8
6008,8
10764,8
4734,8
9336,8
11641,8
11897,8
6666,8
11010,8
9622,8
8855,8
6526,8
9081,8
4869,8
7825,8
10875,8
7037,8
11643,8
2946,8
6291,8
7296,8
8333,8
8835,8
11138,8
7044,8
9603,8
10115,8
11405,8
10120,8
9868,8
10253,8
5764,8
8589,8
8845,8
9357,8
10889,8
10383,8
2443,8
8590,8
9870,8
10626,8
5519,8
11658,8
6284,8
11402,8
5912,8
5381,8
4230,8
9344,8
5254,8
8587,8
10634,8
7815,8
9602,8
4487,8
8833,8
7821,8
11659,8
11403,8
8578,8
6533,8
6168,8
9879,8
890,8
3986,8
11636,8
10398,8
3953,8
6514,8
9374,8
10868,8
922,8
11380,8
7710,8
10911,8
7027,8
4464,8
4104,8
7281,8
10102,8
8311,8
5380,8
4465,8
10141,8
7450,8
10357,8
11804,8
10856,8
11630,8
9583,8
9113,8
11035,8
10601,8
8857,8
10088,8
6510,8
8554,8
9375,8
4460,8
8600,8
4254,8
5228,8
5740,8
10090,8
8555,8
5529,8
7429,8
11126,8
9853,8
11664,8
11411,8
6523,8
2455,8
4730,8
6779,8
2937,8
9873,8
5498,8
7803,8
7796,8
9852,8
6550,8
10640,8
11276,8
10128,8
5270,8
5499,8
10385,8
10365,8
9843,8
11638,8
8729,8
10865,8
9117,8
8861,8
9584,8
9840,8
5530,8
3481,8
1141,8
9074,8
9331,8
6811,8
10131,8
9875,8
3191,8
11635,8
10098,8
10898,8
4501,8
9549,8
5208,8
10803,8
2115,8
11197,8
8253,8
7950,8
10251,8
10557,8
8123,8
11314,8
8637,8
2102,8
5940,8
7733,8
5051,8
9522,8
7354,8
9405,8
9266,8
6432,8
4404,8
3892,8
9777,8
11568,8
5048,8
8497,8
8970,8
7609,8
8752,8
7865,8
8496,8
11275,8
11795,8
8380,8
7701,8
7943,8
11332,8
10564,8
11953,8
10042,8
9786,8
6582,8
4924,8
6717,8
8250,8
11696,8
9649,8
9905,8
11576,8
4671,8
5435,8
10808,8
8505,8
10552,8
9784,8
11070,8
8117,8
10558,8
1850,8
9510,8
9139,8
4664,8
4408,8
2107,8
1842,8
9526,8
11198,8
10439,8
3521,8
11717,8
9924,8
4109,8
9006,8
8750,8
10506,8
10543,8
9005,8
8493,8
9516,8
5162,8
2243,8
4138,8
10949,8
10695,8
3622,8
9763,8
7873,8
6948,8
7461,8
4545,8
6949,8
8738,8
9761,8
2084,8
7702,8
6694,8
7107,8
8900,8
8502,8
10795,8
11302,8
7730,8
9269,8
2864,8
5170,8
10424,8
10805,8
10549,8
8244,8
5677,8
9770,8
11448,8
9258,8
2095,8
8704,8
10283,8
10025,8
11009,8
6702,8
5820,8
3885,8
11194,8
10031,8
9775,8
11450,8
11706,8
9915,8
7208,8
1857,8
4745,8
10560,8
9142,8
6064,8
1459,8
11840,8
8004,8
433,8
6987,8
3906,8
1861,8
9909,8
67,8
7970,8
8263,8
5902,8
9655,8
10752,8
11591,8
11586,8
3250,8
8519,8
8512,8
10248,8
2626,8
10561,8
6982,8
10306,8
11334,8
837,8
5190,8
8774,8
9908,8
9027,8
11191,8
9397,8
1047,8
9204,7
4932,7
1103,7
10367,7
6522,7
9956,7
6778,7
889,7
11331,7
7395,7
11132,7
4850,7
1581,7
11749,7
11082,7
6521,7
7688,7
10792,7
11135,7
548,7
10105,7
8461,7
9337,7
8736,7
5673,7
10104,7
5956,7
11822,7
10050,7
9794,7
6733,7
9947,7
10537,7
11305,7
10203,7
10873,7
6109,7
11561,7
11390,7
8831,7
10366,7
10468,7
8480,7
2092,7
10364,7
3336,7
2557,7
7137,7
9330,7
7987,7
10292,7
7111,7
11531,7
10097,7
7798,7
11376,7
4096,7
8934,7
10238,7
10983,7
11316,7
8305,7
11379,7
10096,7
3701,7
11889,7
7408,7
9446,7
9525,7
11328,7
7031,7
11828,7
7456,7
8560,7
9958,7
10103,7
11061,7
10244,7
9229,7
7138,7
8059,7
6445,7
5453,7
10724,7
9227,7
5161,7
4178,7
7547,7
7693,7
11075,7
10239,7
7469,7
3375,7
10621,7
11349,7
8572,7
5932,7
2094,7
11787,7
8770,7
10027,7
11890,7
11262,7
4469,7
11093,7
6516,7
8500,7
11532,7
4476,7
10230,7
9289,7
551,7
8269,7
9347,7
3290,7
806,7
3059,7
9250,7
11742,7
10831,7
8323,7
3975,7
6020,7
10530,7
6436,7
11139,7
4900,7
8834,7
6161,7
7460,7
11087,7
2183,7
6277,7
11648,7
11392,7
11018,7
11225,7
11136,7
8009,7
10019,7
11230,7
2185,7
3327,7
11660,7
6792,7
10782,7
10719,7
4824,7
8735,7
8481,7
10975,7
11663,7
293,7
9751,7
10235,7
9037,7
6281,7
5885,7
10974,7
7562,7
11556,7
7306,7
3098,7
11294,7
8950,7
3582,7
11798,7
10487,7
1573,7
7974,7
5926,7
5963,7
9432,7
9688,7
6398,7
10030,7
5119,7
3456,7
7298,7
1299,7
4368,7
2944,7
4739,7
9774,7
6403,7
11789,7
1664,7
9348,7
6946,7
10885,7
10117,7
8239,7
2056,7
10107,7
8179,7
8777,7
9083,7
8697,7
5745,7
10618,7
4221,7
8469,7
10458,7
9850,7
11512,7
4736,7
10368,7
11654,7
10245,7
4938,7
11905,7
8527,7
8780,7
11393,7
8492,7
6791,7
11053,7
7240,7
11910,7
11342,7
5930,7
8715,7
9484,7
3458,7
9718,7
10968,7
3402,7
5931,7
6185,7
10886,7
8327,7
1778,7
9862,7
3398,7
9721,7
7422,7
9847,7
9557,7
6659,7
6755,7
9200,7
8463,7
8805,7
4451,7
11249,7
6997,7
11582,7
4584,7
11621,7
11109,7
7669,7
9016,7
10853,7
2657,7
6236,7
9458,7
10991,7
11321,7
2401,7
9528,7
11802,7
7516,7
3061,7
7004,7
10040,7
7999,7
7657,7
10842,7
11108,7
8181,7
9829,7
6388,7
7668,7
8509,7
1365,7
10812,7
6970,7
7412,7
10065,7
4454,7
11580,7
8987,7
7008,7
11836,7
8551,7
10598,7
355,7
6496,7
9203,7
9999,7
2792,7
10303,7
11367,7
9318,7
8806,7
6969,7
9534,7
4417,7
11583,7
10217,7
11859,7
6193,7
6489,7
8799,7
10846,7
8287,7
10334,7
10277,7
575,7
9566,7
11359,7
9310,7
6972,7
831,7
5645,7
7427,7
7770,7
8029,7
11534,7
3926,7
8945,7
6467,7
10332,7
5978,7
9028,7
9540,7
9308,7
8517,7
10311,7
5641,7
10984,7
5385,7
7997,7
1623,7
1598,7
3907,7
11867,7
9818,7
8761,7
8021,7
9050,7
4927,7
10843,7
9273,7
11790,7
8690,7
7230,7
11352,7
11505,7
8943,7
8182,7
11096,7
3644,7
8031,7
9542,7
11865,7
1261,7
4896,7
7508,7
11335,7
9811,7
10585,7
3428,7
3412,7
9041,7
3064,7
9076,7
4360,7
6409,7
3045,7
9469,7
5371,7
11626,7
7920,7
11489,7
8462,7
4407,7
6710,7
7162,7
6118,7
8290,7
8474,7
4859,7
761,7
10748,7
8046,7
10976,7
11368,7
3840,7
6886,7
7734,7
9185,7
8047,7
10474,7
6631,7
10267,7
2643,7
7930,7
8246,7
10614,7
10580,7
9497,7
10807,7
9301,7
10760,7
8049,7
10982,7
11639,7
10038,7
10294,7
11754,7
10039,7
9447,7
4176,7
4406,7
11750,7
4979,7
10801,7
4723,7
11019,7
11498,7
10356,7
8416,7
8051,7
9264,7
9441,7
3300,7
11369,7
8043,7
7531,7
5482,7
7988,7
6459,7
10349,7
11535,7
2132,7
11069,7
9799,7
2039,7
5916,7
10850,7
1546,7
7965,7
11325,7
10266,7
7483,7
11619,7
5903,7
3302,7
11746,7
10832,7
4125,7
3897,7
7995,7
8475,7
6245,7
10749,7
9954,7
7398,7
9011,7
11113,7
10534,7
7248,7
8214,7
11606,7
8296,7
4916,7
8257,7
10304,7
5969,7
7016,7
4110,7
11571,7
8674,7
10723,7
8930,7
9498,7
10481,7
9468,7
9186,7
10290,7
3321,7
8755,7
11235,7
9739,7
11628,7
11058,7
2888,7
10867,7
5285,7
10149,7
7334,7
9377,7
720,7
9172,7
11221,7
11776,7
7379,7
11477,7
1488,7
9120,7
10913,7
10964,7
11220,7
7313,7
3280,7
5795,7
3232,7
8869,7
10916,7
10243,7
4048,7
2721,7
160,7
3486,7
10906,7
6865,7
8354,7
6565,7
10915,7
2983,7
3532,7
8980,7
3754,7
8394,7
10158,7
9902,7
10699,7
5032,7
10671,7
10525,7
1961,7
5547,7
681,7
6314,7
9930,7
6571,7
10186,7
7588,7
5029,7
11170,7
4813,7
4261,7
7372,7
9244,7
7845,7
10967,7
11931,7
3487,7
7685,7
11421,7
10704,7
5888,7
10909,7
8084,7
8851,7
10642,7
8478,7
11152,7
8593,7
10707,7
3031,7
7381,7
11926,7
9623,7
11731,7
11670,7
7637,7
7312,7
11158,7
6916,7
8403,7
10390,7
11927,7
10706,7
11677,7
8151,7
5840,7
10140,7
9369,7
11281,7
4767,7
10648,7
7120,7
8344,7
3282,7
11678,7
9119,7
11166,7
4761,7
9630,7
9474,7
6615,7
8912,7
10961,7
6871,7
9168,7
5659,7
3029,7
9424,7
11729,7
1177,7
9757,7
9730,7
428,7
11014,7
10952,7
6084,7
6933,7
10946,7
5817,7
7608,7
7352,7
3270,7
11967,7
9662,7
3782,7
7353,7
7097,7
4536,7
8396,7
10445,7
9917,7
2761,7
3512,7
7098,7
9164,7
11213,7
10940,7
11469,7
10428,7
4025,7
11965,7
9656,7
7877,7
5834,7
4284,7
11713,7
4294,7
9927,7
10950,7
9991,7
4295,7
11719,7
7936,7
9158,7
10181,7
3776,7
11716,7
8645,7
8389,7
9668,7
10753,7
3774,7
2565,7
10947,7
4797,7
10938,7
8635,7
10170,7
11963,7
7365,7
11709,7
6602,7
4615,7
9399,7
10934,7
11447,7
7112,7
11282,7
6321,7
8114,7
9167,7
7368,7
11957,7
5554,7
10421,7
460,7
4558,7
8904,7
11794,7
11209,7
6060,7
9130,7
9672,7
10667,7
6317,7
6063,7
4012,7
10184,7
8143,7
11446,7
5553,7
1975,7
11702,7
8116,7
7860,7
1558,7
9395,7
5812,7
11955,7
9421,7
5556,7
9650,7
7093,7
7882,7
2487,7
8193,7
8881,7
10672,7
8369,7
5814,7
3765,7
11441,7
11185,7
8880,7
10673,7
10167,7
9911,7
1715,7
8659,7
8332,7
9608,7
6545,7
9683,7
10014,7
5523,7
3724,7
7380,7
8082,7
11912,7
11474,7
1421,7
9353,7
6289,7
2195,7
11144,7
10716,7
6798,7
6286,7
9096,7
3867,7
7314,7
6680,7
10644,7
9949,7
3611,7
10461,7
9758,7
11914,7
5261,7
8843,7
10890,7
11918,7
3334,7
5893,7
10378,7
10900,7
8853,7
5594,7
11741,7
11218,7
5589,7
9864,7
11295,7
5339,7
11182,6
2831,6
11951,6
8321,6
10576,6
10269,6
8623,6
11857,6
7405,6
6824,6
813,6
4044,6
7220,6
8331,6
11304,6
7917,6
3788,6
3823,6
11862,6
9559,6
11560,6
10505,6
11707,6
10409,6
9226,6
10987,6
4865,6
6605,6
5854,6
821,6
10925,6
11240,6
11693,6
7150,6
11496,6
11602,6
8621,6
7559,6
11436,6
10771,6
8791,6
9810,6
5460,6
9856,6
4076,6
9554,6
7944,6
9134,6
10835,6
557,6
2511,6
11094,6
7715,6
11318,6
4366,6
6534,6
3545,6
2336,6
7956,6
10837,6
8617,6
9224,6
10539,6
8873,6
11481,6
4685,6
10532,6
11960,6
11595,6
9002,6
10636,6
10827,6
9641,6
4172,6
10057,6
11509,6
7246,6
11765,6
11945,6
9666,6
10683,6
10839,6
9764,6
3983,6
11863,6
11607,6
11813,6
10986,6
8939,6
11351,6
10665,6
11242,6
6737,6
8981,6
5922,6
6575,6
5935,6
11860,6
7087,6
11604,6
5071,6
11092,6
7343,6
10939,6
8977,6
10845,6
10411,6
9725,6
11866,6
11503,6
10144,6
10400,6
2212,6
11759,6
10656,6
10286,6
8865,6
9412,6
11168,6
7005,6
10377,6
6198,6
8992,6
8404,6
11936,6
6087,6
4306,6
8030,6
10542,6
3932,6
11022,6
8216,6
9819,6
8596,6
11277,6
10341,6
6753,6
6304,6
8901,6
4769,6
9262,6
11364,6
9061,6
9383,6
3526,6
8549,6
10596,6
11942,6
11546,6
11733,6
5672,6
11057,6
11169,6
10735,6
7452,6
5286,6
9177,6
11224,6
11313,6
6309,6
10659,6
4959,6
9448,6
6656,6
8611,6
4486,6
10914,6
11753,6
9054,6
10533,6
8867,6
10954,6
8832,6
11868,6
11046,6
11037,6
9238,6
10789,6
6703,6
9487,6
10076,6
292,6
10127,6
8681,6
11817,6
9891,6
7679,6
9822,6
3050,6
11520,6
422,6
8866,6
8537,6
5917,6
3933,6
11758,6
11199,6
5470,6
11353,6
7007,6
7333,6
11293,6
11939,6
11151,6
9403,6
11870,6
7512,6
11231,6
7961,6
9419,6
9147,6
7949,6
10625,6
7478,6
845,6
11826,6
11323,6
11067,6
10425,6
3600,6
949,6
10811,6
10225,6
8185,6
3388,6
4340,6
6164,6
9439,6
10675,6
10739,6
10258,6
9138,6
6842,6
11187,6
11699,6
11507,6
11528,6
11261,6
4414,6
3835,6
8669,6
7229,6
9535,6
10791,6
8262,6
11656,6
10496,6
8447,6
8223,6
11589,6
8415,6
11333,6
7235,6
9724,6
11077,6
9223,6
9778,6
4162,6
11827,6
6532,6
2763,6
11743,6
10882,6
10034,6
11579,6
11760,6
9530,6
11283,6
9970,6
10823,6
9533,6
9766,6
5652,6
11324,6
10444,6
10941,6
3589,6
4155,6
5306,6
9728,6
9788,6
9746,6
11550,6
9612,6
11725,6
8444,6
8671,6
7217,6
11263,6
5424,6
3894,6
10172,6
11228,6
9779,6
8079,6
11145,6
5880,6
8927,6
7556,6
5391,6
11784,6
3888,6
10002,6
9165,6
11212,6
8499,6
4789,6
11186,6
2294,6
247,6
9663,6
11710,6
9278,6
11269,6
8925,6
8947,6
5557,6
11954,6
10526,6
10045,6
5561,6
10114,6
6414,6
7923,6
11764,6
3716,6
10666,6
9038,6
10922,6
10229,6
6828,6
8270,6
10969,6
11178,6
11852,6
7754,6
11596,6
10113,6
10291,6
11434,6
841,6
11853,6
11597,6
1071,6
11085,6
9462,6
8714,6
11147,6
9806,6
11300,6
9771,6
10574,6
9972,6
11080,6
11977,6
8966,6
8618,6
11915,6
11849,6
9800,6
11563,6
11971,6
9544,6
7200,6
10825,6
11854,6
9354,6
7752,6
9551,6
11244,6
7981,6
3834,6
5193,6
10023,6
7866,6
9795,6
11401,6
1840,6
1523,6
4885,6
5923,6
8979,6
11841,6
11585,6
3891,6
9024,6
8756,6
10055,6
203,6
11814,6
11913,6
11573,6
9181,6
11315,6
10686,6
5682,6
9934,6
6208,6
4058,6
1858,6
11907,6
11196,6
8633,6
8630,6
10164,6
6577,6
3142,6
9283,6
11781,6
7090,6
11027,6
5043,6
10486,6
9141,6
1201,6
10936,6
9653,6
11956,6
4849,6
9098,6
10563,6
8951,6
6213,6
11214,6
10434,6
10627,6
10891,6
11584,6
8374,6
11204,6
4874,6
11901,6
11219,6
10126,6
8954,6
8829,6
2936,6
11299,6
7575,6
7539,6
11153,6
11803,6
11388,6
4374,6
5088,6
7909,6
2566,6
10777,6
11223,6
2920,6
11116,6
11386,6
10395,6
10910,6
10108,6
11163,6
11642,6
11125,6
10863,6
11553,6
3584,6
10607,6
8317,6
5020,6
10384,6
11381,6
11900,6
11493,6
8094,6
10796,6
10978,6
2927,6
8830,6
11674,6
9426,6
11679,6
4965,6
11106,6
8561,6
11551,6
11930,6
1695,6
10352,6
10388,6
2209,6
11533,6
11033,6
2462,6
8918,6
9580,6
11801,6
10466,6
8336,6
3177,6
8058,6
6774,6
11893,6
8733,6
6954,6
10722,6
11237,6
10747,6
1895,6
11676,6
10373,6
7289,6
8974,6
11011,6
7327,6
6252,6
10176,6
10099,6
11662,6
5147,6
1900,6
9618,6
11155,6
8073,6
5585,6
6046,6
11114,6
11396,6
9851,6
10004,6
11200,6
8810,6
6848,6
10241,6
8167,6
5011,6
3878,6
9735,6
6935,6
8994,6
11154,6
9833,6
10611,6
11515,6
8342,6
7278,6
10904,6
11744,6
10275,6
11888,6
11991,6
7582,6
10272,6
7286,6
11156,6
10133,6
4838,6
5274,6
11375,6
4632,6
9073,6
7902,6
2929,6
7838,6
11408,6
6515,6
5148,6
11821,6
5845,6
9211,6
9937,6
11734,6
8594,6
8086,6
10454,6
10198,6
11422,6
9489,6
9210,6
11652,6
5279,6
8482,6
11291,6
8838,6
8995,6
9111,6
11040,6
9741,6
8128,6
3298,6
6153,6
8205,6
6782,6
8310,6
3851,6
10353,6
11384,6
8227,6
11480,6
11238,6
9319,6
8963,6
11494,6
10202,6
9452,6
7403,6
868,6
8868,6
7586,6
255,6
11751,6
7811,6
5844,6
7527,6
8238,6
9592,6
10080,6
3858,6
11366,6
10254,6
7952,6
11894,6
11387,6
3621,6
10470,6
9989,6
11473,6
11924,6
11159,6
5280,6
10399,6
10971,6
10205,6
11175,6
2586,6
3335,6
6269,6
11110,6
8935,6
11879,6
10342,6
4391,6
8494,6
5393,6
3541,6
10363,6
8062,6
2018,6
6378,6
9590,6
10689,6
8468,6
10592,6
2020,6
2938,6
9367,6
9703,6
7908,6
11124,6
11545,6
6113,6
11308,6
5379,6
11363,6
7321,6
11988,6
3940,6
8099,6
9381,6
11736,6
10595,6
11107,6
10017,6
1178,6
7026,6
8656,6
11919,6
11791,6
10851,6
3357,6
10622,6
7560,6
4365,6
3730,6
11414,6
5415,6
5223,6
9938,6
1255,6
10182,6
11141,6
3489,6
3876,6
11564,6
8932,6
11779,6
9057,6
11391,6
7942,6
8428,6
9125,6
10309,5
8664,5
9013,5
9136,5
11845,5
11123,5
6903,5
10822,5
4529,5
10678,5
6592,5
11002,5
6646,5
6877,5
11705,5
11285,5
10821,5
11400,5
9335,5
8913,5
11317,5
4996,5
6614,5
10274,5
11786,5
8387,5
11961,5
9654,5
9951,5
11633,5
9798,5
6531,5
10935,5
11079,5
9398,5
5366,5
8391,5
9975,5
9678,5
9877,5
4727,5
10446,5
3224,5
6942,5
11449,5
11783,5
10548,5
6583,5
10635,5
11495,5
3787,5
10883,5
5495,5
11510,5
6928,5
11916,5
7600,5
8728,5
10816,5
11933,5
9157,5
11922,5
8754,5
11738,5
10647,5
11552,5
11773,5
7462,5
9723,5
11007,5
11831,5
10380,5
3895,5
8075,5
11385,5
10022,5
3065,5
11575,5
10942,5
7901,5
2809,5
9599,5
11646,5
4410,5
480,5
6971,5
6030,5
6780,5
9932,5
11981,5
11903,5
11647,5
11526,5
10236,5
5949,5
2338,5
3208,5
11792,5
11455,5
9783,5
8411,5
11825,5
547,5
7728,5
10619,5
4866,5
7050,5
11574,5
11484,5
6930,5
11539,5
11056,5
11062,5
8737,5
11312,5
6943,5
11657,5
9521,5
8487,5
5008,5
7932,5
11541,5
8503,5
10646,5
6584,5
11837,5
11453,5
11815,5
9148,5
8120,5
11920,5
11980,5
11320,5
11486,5
8338,5
11540,5
9529,5
11236,5
6805,5
6345,5
11952,5
5047,5
10264,5
11923,5
10130,5
3446,5
11378,5
10866,5
8595,5
10416,5
11504,5
10160,5
11206,5
4312,5
11322,5
11578,5
7484,5
10937,5
10888,5
7349,5
5950,5
5944,5
11762,5
11458,5
11475,5
9277,5
11404,5
8973,5
10109,5
11030,5
11644,5
11906,5
11327,5
7034,5
11921,5
10876,5
11724,5
10783,5
4475,5
8337,5
4247,5
7929,5
10498,5
11763,5
8760,5
11898,5
9906,5
8585,5
11394,5
11833,5
11812,5
8218,5
10870,5
10711,5
11875,5
9627,5
10335,5
11362,5
11612,5
4557,5
6844,5
9667,5
207,5
11682,5
11137,5
11938,5
11373,5
8093,5
11497,5
11173,5
11456,5
11358,5
11962,5
10712,5
11146,5
11941,5
4334,5
11614,5
9941,5
11871,5
9689,5
10146,5
9636,5
10590,5
10402,5
11793,5
11437,5
11979,5
4452,5
11600,5
2057,5
7017,5
11048,5
11856,5
11119,5
11932,5
8200,5
7141,5
6885,5
11088,5
10979,5
10320,5
10624,5
1985,5
8530,5
5766,5
3815,5
3559,5
3712,5
11949,5
11858,5
7303,5
11723,5
11752,5
10758,5
2190,5
10280,5
11467,5
9626,5
9743,5
7377,5
11884,5
11310,5
11609,5
11928,5
9518,5
11989,5
3102,5
6817,5
7934,5
10854,5
6567,5
9063,5
11430,5
3426,5
2795,5
11622,5
6412,5
2071,5
10287,5
11911,5
11620,5
11757,5
4843,5
11712,5
4904,5
11799,5
9574,5
4960,5
8724,5
11500,5
9465,5
9453,5
6697,5
6497,5
5024,5
4902,5
11460,5
10087,5
4092,5
9744,5
605,5
10587,5
5504,5
11360,5
11820,5
11616,5
11246,5
5143,5
4393,5
3470,5
1259,5
11502,5
10887,5
11171,5
11978,5
10029,5
11611,5
8544,5
11684,5
5469,5
11823,5
11041,5
10593,5
11925,5
11000,5
8353,5
4075,5
11501,5
8340,5
3305,5
11245,5
6611,5
2026,5
11887,5
11031,5
10926,5
10794,5
11691,5
9039,5
11508,5
7853,5
11637,5
9638,5
11855,5
10178,5
10628,5
11412,5
11599,5
5528,5
11042,5
6131,5
11785,5
11252,5
11592,5
4339,5
11975,5
11370,5
9401,5
11882,5
10312,5
3157,5
4780,5
11179,5
8820,5
11265,5
11081,5
10569,5
4999,5
11298,5
8129,5
5411,5
11806,5
8606,5
11562,5
2773,5
8136,5
10655,5
11982,5
9974,5
10932,5
11167,5
4933,5
11668,5
11544,5
2097,5
11444,5
11700,5
8524,5
11701,5
11445,5
11341,5
11892,5
11518,5
9206,5
9471,5
9804,5
8070,5
4427,5
8372,5
7212,5
11690,5
8483,5
11306,5
11523,5
11934,5
7888,5
8234,5
11720,5
10583,5
11671,5
11177,5
8018,5
10344,5
11673,5
11464,5
10966,5
849,5
10259,5
11848,5
11001,5
8952,5
10905,5
11624,5
11929,5
11309,5
11292,5
4944,5
11345,5
3567,5
11737,5
8303,5
8145,5
11886,5
11416,5
6511,5
11487,5
10857,5
6636,5
11780,5
6608,5
5418,5
8577,5
8961,5
9976,5
11222,5
10633,5
11627,5
10143,5
9657,5
11883,5
10521,5
11704,5
9952,5
10997,5
8779,5
11771,5
6899,5
5056,5
8649,5
10519,5
2322,5
10880,5
6350,5
11778,5
11714,4
11972,4
11407,4
11974,4
11463,4
11740,4
4659,4
4912,4
11966,4
11462,4
11192,4
1063,4
2859,4
9507,4
11311,4
11003,4
11052,4
11718,4
11774,4
6332,4
11782,4
7129,4
11973,4
11555,4
8074,4
7729,4
10680,4
8237,4
10435,4
9614,4
9726,4
11809,4
11567,4
8490,4
11063,4
7549,4
11970,4
11689,4
10478,4
11099,4
9966,4
7913,4
11937,4
7591,4
11610,4
7040,4
11365,4
9729,4
10118,4
9709,4
11756,4
11805,4
7146,4
11111,4
11431,4
11268,4
10732,4
8917,4
8614,4
11034,4
9824,4
8687,4
11608,4
11398,4
11869,4
10730,4
11976,4
11950,4
11694,4
3311,4
6229,4
11695,4
6419,4
6092,4
11357,4
10472,4
8793,4
11150,4
11210,4
8543,4
11466,4
9231,4
3930,4
1883,4
11683,4
11097,4
9406,4
11873,4
11399,4
9569,4
8080,4
11895,4
11382,4
11377,4
11788,4
11165,4
9619,4
11666,4
11891,4
11748,4
9340,4
9342,4
11909,4
5265,4
3550,4
11289,4
7038,4
11226,4
11896,4
11899,4
10970,4
11286,4
6612,4
9589,4
10009,4
1767,4
6302,4
11885,4
11675,4
10860,4
11279,4
9582,4
7785,4
11672,4
6941,4
11374,4
9697,4
11161,4
4467,4
2276,4
6765,4
10208,4
9631,4
11745,4
10858,4
11986,4
11233,4
11990,4
11267,4
8019,4
11406,4
11861,4
8381,4
9503,4
11395,4
10685,4
11846,4
7969,4
11703,4
9660,4
11284,4
10231,4
5450,4
11766,4
5447,4
1605,4
5700,4
6282,4
11074,4
11538,4
7115,4
4022,4
11250,4
11559,4
11983,4
11468,4
11832,4
11184,4
8119,4
11834,4
9791,4
10565,4
10972,4
5186,4
10820,4
10814,4
5187,4
11844,4
9797,4
11442,4
2326,4
11958,4
10317,4
8248,4
9385,4
5390,4
10677,4
11435,4
5687,4
11465,4
6728,4
11944,4
11904,4
11339,4
11851,4
8753,4
11593,4
8652,4
11594,4
11850,4
11964,4
9101,4
10219,4
11708,4
11084,4
6075,4
11946,4
10824,4
11810,3
10930,3
10278,3
10431,3
11839,3
11478,3
1931,3
10943,3
11516,3
11880,3
11830,3
2868,3
11808,3
5884,3
11917,3
8893,3
11472,3
11881,3
11728,3
11984,3
10652,3
10684,3
11811,3
11420,3
11969,3
9690,3
11645,3
8252,3
7062,3
9661,3
10174,3
11902,3
8598,3
10355,3
10594,3
8388,3
11681,3
11993,3
11055,3
11948,3
11090,3
11686,3
11613,3
11877,3
8504,3
6054,3
11959,3
8705,3
11050,3
10953,3
3855,3
11054,3
11615,3
9931,3
7085,3
11687,3
9665,3
11590,3
10989,3
6462,3
11697,3
6506,3
11908,3
8872,3
11524,3
11208,3
10068,3
11872,3
2464,3
2590,3
11940,3
8137,3
9524,3
11432,3
10895,3
11994,2
10500,2
11987,2
5828,2
11816,2
11721,2
8896,2
11819,2
4719,2
4717,2
9294,2
4444,2
11842,2
7937,2
11843,2
5484,2
11992,2
11985,2
9145,2
11876,2
11943,2
11935,2
10255,2
11413,2
11995,1
11482,1
11996,1
5454,1
11968,1
